date,time,e440,e470,e532,jsp,replicate,file,hms,second
2020-10-31,16:01:34,82,62,68,536,1,blanc.txt,34,0
2020-10-31,16:01:35,86,62,65,536,1,blanc.txt,35,1
2020-10-31,16:01:36,81,63,68,536,1,blanc.txt,36,2
2020-10-31,16:01:37,84,62,70,536,1,blanc.txt,37,3
2020-10-31,16:01:38,81,62,66,535,1,blanc.txt,38,4
2020-10-31,16:01:39,81,62,66,535,1,blanc.txt,39,5
2020-10-31,16:01:40,84,61,72,535,1,blanc.txt,40,6
2020-10-31,16:01:41,83,59,72,535,1,blanc.txt,41,7
2020-10-31,16:01:42,84,61,64,535,1,blanc.txt,42,8
2020-10-31,16:01:43,83,60,67,535,1,blanc.txt,43,9
2020-10-31,16:01:45,81,59,68,535,1,blanc.txt,45,11
2020-10-31,16:01:46,85,64,66,535,1,blanc.txt,46,12
2020-10-31,16:01:47,84,61,64,535,1,blanc.txt,47,13
2020-10-31,16:01:48,83,62,65,535,1,blanc.txt,48,14
2020-10-31,16:01:49,84,62,65,535,1,blanc.txt,49,15
2020-10-31,16:01:50,85,60,67,535,1,blanc.txt,50,16
2020-10-31,16:01:51,84,60,65,535,1,blanc.txt,51,17
2020-10-31,16:01:52,83,62,67,535,1,blanc.txt,52,18
2020-10-31,16:01:53,83,62,67,535,1,blanc.txt,53,19
2020-10-31,16:01:54,83,60,69,535,1,blanc.txt,54,20
2020-10-31,16:01:55,83,62,68,534,1,blanc.txt,55,21
2020-10-31,16:01:56,78,61,68,535,1,blanc.txt,56,22
2020-10-31,16:01:57,85,61,64,534,1,blanc.txt,57,23
2020-10-31,16:01:58,82,62,69,534,1,blanc.txt,58,24
2020-10-31,16:01:59,82,59,67,535,1,blanc.txt,59,25
2020-10-31,16:02:01,83,61,67,535,1,blanc.txt,1,27
2020-10-31,16:02:02,84,61,66,534,1,blanc.txt,2,28
2020-10-31,16:02:03,83,63,66,534,1,blanc.txt,3,29
2020-10-31,16:02:04,83,61,67,534,1,blanc.txt,4,30
2020-10-31,16:02:05,83,59,65,534,1,blanc.txt,5,31
2020-10-31,16:02:06,84,64,69,534,1,blanc.txt,6,32
2020-10-31,16:02:07,82,59,63,534,1,blanc.txt,7,33
2020-10-31,16:02:08,84,61,63,534,1,blanc.txt,8,34
2020-10-31,16:02:09,85,59,69,534,1,blanc.txt,9,35
2020-10-31,16:02:10,84,62,67,534,1,blanc.txt,10,36
2020-10-31,16:02:11,84,62,67,534,1,blanc.txt,11,37
2020-10-31,16:02:12,83,58,69,534,1,blanc.txt,12,38
2020-10-31,16:02:13,84,66,70,534,1,blanc.txt,13,39
2020-10-31,16:02:14,85,59,68,534,1,blanc.txt,14,40
2020-10-31,16:02:15,81,59,66,534,1,blanc.txt,15,41
2020-10-31,16:02:17,83,62,65,534,1,blanc.txt,17,43
2020-10-31,16:02:18,82,62,65,534,1,blanc.txt,18,44
2020-10-31,16:02:19,79,58,64,534,1,blanc.txt,19,45
2020-10-31,16:02:20,80,59,66,534,1,blanc.txt,20,46
2020-10-31,16:02:21,80,62,68,534,1,blanc.txt,21,47
2020-10-31,16:02:22,84,60,68,534,1,blanc.txt,22,48
2020-10-31,16:02:23,81,59,66,534,1,blanc.txt,23,49
2020-10-31,16:02:24,83,65,68,534,1,blanc.txt,24,50
2020-10-31,16:02:25,81,62,64,534,1,blanc.txt,25,51
2020-10-31,16:02:26,81,61,68,534,1,blanc.txt,26,52
2020-10-31,16:02:27,85,60,69,534,1,blanc.txt,27,53
2020-10-31,16:02:28,83,64,67,533,1,blanc.txt,28,54
2020-10-31,16:02:29,82,62,67,534,1,blanc.txt,29,55
2020-10-31,16:02:30,83,62,68,533,1,blanc.txt,30,56
2020-10-31,16:02:31,83,62,65,534,1,blanc.txt,31,57
2020-10-31,16:02:33,83,59,68,534,1,blanc.txt,33,59
2020-10-31,15:03:25,316,195,75,538,1,dilution_1.txt,25,0
2020-10-31,15:03:26,317,199,76,538,1,dilution_1.txt,26,1
2020-10-31,15:03:27,310,193,75,538,1,dilution_1.txt,27,2
2020-10-31,15:03:29,312,191,76,538,1,dilution_1.txt,29,4
2020-10-31,15:03:30,312,193,76,537,1,dilution_1.txt,30,5
2020-10-31,15:03:31,312,193,74,537,1,dilution_1.txt,31,6
2020-10-31,15:03:32,310,187,74,537,1,dilution_1.txt,32,7
2020-10-31,15:03:33,314,197,78,537,1,dilution_1.txt,33,8
2020-10-31,15:03:34,317,197,78,537,1,dilution_1.txt,34,9
2020-10-31,15:03:35,311,195,76,537,1,dilution_1.txt,35,10
2020-10-31,15:03:36,309,195,74,537,1,dilution_1.txt,36,11
2020-10-31,15:03:37,315,197,75,537,1,dilution_1.txt,37,12
2020-10-31,15:03:38,312,195,73,537,1,dilution_1.txt,38,13
2020-10-31,15:03:39,314,200,80,536,1,dilution_1.txt,39,14
2020-10-31,15:03:40,315,194,75,537,1,dilution_1.txt,40,15
2020-10-31,15:03:41,315,200,74,536,1,dilution_1.txt,41,16
2020-10-31,15:03:42,311,195,77,536,1,dilution_1.txt,42,17
2020-10-31,15:03:43,314,194,77,537,1,dilution_1.txt,43,18
2020-10-31,15:03:45,310,192,76,536,1,dilution_1.txt,45,20
2020-10-31,15:03:46,316,199,76,536,1,dilution_1.txt,46,21
2020-10-31,15:03:47,314,200,75,536,1,dilution_1.txt,47,22
2020-10-31,15:03:48,316,197,75,536,1,dilution_1.txt,48,23
2020-10-31,15:03:49,315,197,77,536,1,dilution_1.txt,49,24
2020-10-31,15:03:50,311,196,76,536,1,dilution_1.txt,50,25
2020-10-31,15:03:51,315,196,77,536,1,dilution_1.txt,51,26
2020-10-31,15:03:52,317,195,77,536,1,dilution_1.txt,52,27
2020-10-31,15:03:53,317,198,76,536,1,dilution_1.txt,53,28
2020-10-31,15:03:54,313,195,75,536,1,dilution_1.txt,54,29
2020-10-31,15:03:55,315,196,79,536,1,dilution_1.txt,55,30
2020-10-31,15:03:56,313,195,77,536,1,dilution_1.txt,56,31
2020-10-31,15:03:57,316,196,82,536,1,dilution_1.txt,57,32
2020-10-31,15:03:58,310,194,79,536,1,dilution_1.txt,58,33
2020-10-31,15:03:59,310,195,75,536,1,dilution_1.txt,59,34
2020-10-31,15:04:01,311,197,79,536,1,dilution_1.txt,1,36
2020-10-31,15:04:02,315,196,75,536,1,dilution_1.txt,2,37
2020-10-31,15:04:03,311,196,80,536,1,dilution_1.txt,3,38
2020-10-31,15:04:04,313,195,76,536,1,dilution_1.txt,4,39
2020-10-31,15:04:05,318,196,76,536,1,dilution_1.txt,5,40
2020-10-31,15:04:06,314,195,75,536,1,dilution_1.txt,6,41
2020-10-31,15:04:07,310,193,80,536,1,dilution_1.txt,7,42
2020-10-31,15:04:08,313,195,75,536,1,dilution_1.txt,8,43
2020-10-31,15:04:09,315,196,75,536,1,dilution_1.txt,9,44
2020-10-31,15:04:10,313,195,76,535,1,dilution_1.txt,10,45
2020-10-31,15:04:11,312,196,74,535,1,dilution_1.txt,11,46
2020-10-31,15:04:12,309,193,77,535,1,dilution_1.txt,12,47
2020-10-31,15:04:13,312,191,75,535,1,dilution_1.txt,13,48
2020-10-31,15:04:14,318,198,77,535,1,dilution_1.txt,14,49
2020-10-31,15:04:16,311,193,76,535,1,dilution_1.txt,16,51
2020-10-31,15:04:17,311,193,75,535,1,dilution_1.txt,17,52
2020-10-31,15:04:18,310,194,76,535,1,dilution_1.txt,18,53
2020-10-31,15:04:19,315,198,77,535,1,dilution_1.txt,19,54
2020-10-31,15:04:20,316,191,78,535,1,dilution_1.txt,20,55
2020-10-31,15:04:21,315,195,75,535,1,dilution_1.txt,21,56
2020-10-31,15:04:22,313,197,78,535,1,dilution_1.txt,22,57
2020-10-31,15:04:23,312,194,81,535,1,dilution_1.txt,23,58
2020-10-31,15:04:24,310,195,74,535,1,dilution_1.txt,24,59
2020-10-31,15:06:27,307,192,77,536,2,dilution_1.txt,27,182
2020-10-31,15:06:28,314,195,74,536,2,dilution_1.txt,28,183
2020-10-31,15:06:29,313,196,81,535,2,dilution_1.txt,29,184
2020-10-31,15:06:30,310,192,75,535,2,dilution_1.txt,30,185
2020-10-31,15:06:31,307,194,78,535,2,dilution_1.txt,31,186
2020-10-31,15:06:32,308,194,76,535,2,dilution_1.txt,32,187
2020-10-31,15:06:34,312,194,76,535,2,dilution_1.txt,34,189
2020-10-31,15:06:35,315,195,77,535,2,dilution_1.txt,35,190
2020-10-31,15:06:36,310,195,78,535,2,dilution_1.txt,36,191
2020-10-31,15:06:37,309,195,81,535,2,dilution_1.txt,37,192
2020-10-31,15:06:38,311,193,81,534,2,dilution_1.txt,38,193
2020-10-31,15:06:39,309,198,74,534,2,dilution_1.txt,39,194
2020-10-31,15:06:40,309,193,75,534,2,dilution_1.txt,40,195
2020-10-31,15:06:41,315,193,75,534,2,dilution_1.txt,41,196
2020-10-31,15:06:42,309,195,77,534,2,dilution_1.txt,42,197
2020-10-31,15:06:43,309,195,79,534,2,dilution_1.txt,43,198
2020-10-31,15:06:44,315,193,77,534,2,dilution_1.txt,44,199
2020-10-31,15:06:45,314,195,79,534,2,dilution_1.txt,45,200
2020-10-31,15:06:46,312,196,76,534,2,dilution_1.txt,46,201
2020-10-31,15:06:47,308,194,76,534,2,dilution_1.txt,47,202
2020-10-31,15:06:48,308,193,76,534,2,dilution_1.txt,48,203
2020-10-31,15:06:50,311,194,78,534,2,dilution_1.txt,50,205
2020-10-31,15:06:51,313,198,77,534,2,dilution_1.txt,51,206
2020-10-31,15:06:52,312,198,75,534,2,dilution_1.txt,52,207
2020-10-31,15:06:53,305,193,77,534,2,dilution_1.txt,53,208
2020-10-31,15:06:54,310,196,76,534,2,dilution_1.txt,54,209
2020-10-31,15:06:55,314,195,78,534,2,dilution_1.txt,55,210
2020-10-31,15:06:56,310,192,76,534,2,dilution_1.txt,56,211
2020-10-31,15:06:57,314,195,79,534,2,dilution_1.txt,57,212
2020-10-31,15:06:58,309,192,77,534,2,dilution_1.txt,58,213
2020-10-31,15:06:59,312,194,77,534,2,dilution_1.txt,59,214
2020-10-31,15:07:00,313,192,73,534,2,dilution_1.txt,0,215
2020-10-31,15:07:01,309,192,79,534,2,dilution_1.txt,1,216
2020-10-31,15:07:02,312,195,77,534,2,dilution_1.txt,2,217
2020-10-31,15:07:03,307,193,76,534,2,dilution_1.txt,3,218
2020-10-31,15:07:05,311,192,78,534,2,dilution_1.txt,5,220
2020-10-31,15:07:06,312,194,77,534,2,dilution_1.txt,6,221
2020-10-31,15:07:07,311,192,76,534,2,dilution_1.txt,7,222
2020-10-31,15:07:08,311,197,76,534,2,dilution_1.txt,8,223
2020-10-31,15:07:09,313,196,79,534,2,dilution_1.txt,9,224
2020-10-31,15:07:10,306,188,75,534,2,dilution_1.txt,10,225
2020-10-31,15:07:11,315,193,79,534,2,dilution_1.txt,11,226
2020-10-31,15:07:12,310,195,78,534,2,dilution_1.txt,12,227
2020-10-31,15:07:13,308,195,78,534,2,dilution_1.txt,13,228
2020-10-31,15:07:14,316,195,76,534,2,dilution_1.txt,14,229
2020-10-31,15:07:15,311,196,77,534,2,dilution_1.txt,15,230
2020-10-31,15:07:16,311,193,76,533,2,dilution_1.txt,16,231
2020-10-31,15:07:17,310,193,76,534,2,dilution_1.txt,17,232
2020-10-31,15:07:18,311,197,76,534,2,dilution_1.txt,18,233
2020-10-31,15:07:19,309,195,79,534,2,dilution_1.txt,19,234
2020-10-31,15:07:21,312,194,77,534,2,dilution_1.txt,21,236
2020-10-31,15:07:22,311,197,77,533,2,dilution_1.txt,22,237
2020-10-31,15:07:23,307,194,75,533,2,dilution_1.txt,23,238
2020-10-31,15:07:24,306,192,75,533,2,dilution_1.txt,24,239
2020-10-31,15:09:26,307,189,77,537,3,dilution_1.txt,26,361
2020-10-31,15:09:27,314,196,79,536,3,dilution_1.txt,27,362
2020-10-31,15:09:28,316,196,75,536,3,dilution_1.txt,28,363
2020-10-31,15:09:29,309,195,73,536,3,dilution_1.txt,29,364
2020-10-31,15:09:30,311,197,77,536,3,dilution_1.txt,30,365
2020-10-31,15:09:31,313,194,80,535,3,dilution_1.txt,31,366
2020-10-31,15:09:32,314,195,77,535,3,dilution_1.txt,32,367
2020-10-31,15:09:33,312,198,83,535,3,dilution_1.txt,33,368
2020-10-31,15:09:35,310,194,79,535,3,dilution_1.txt,35,370
2020-10-31,15:09:36,310,198,76,535,3,dilution_1.txt,36,371
2020-10-31,15:09:37,310,195,78,535,3,dilution_1.txt,37,372
2020-10-31,15:09:38,311,198,76,535,3,dilution_1.txt,38,373
2020-10-31,15:09:39,314,194,76,535,3,dilution_1.txt,39,374
2020-10-31,15:09:40,310,194,81,535,3,dilution_1.txt,40,375
2020-10-31,15:09:41,315,195,78,535,3,dilution_1.txt,41,376
2020-10-31,15:09:42,312,194,79,535,3,dilution_1.txt,42,377
2020-10-31,15:09:43,311,198,79,535,3,dilution_1.txt,43,378
2020-10-31,15:09:44,311,195,76,535,3,dilution_1.txt,44,379
2020-10-31,15:09:45,311,194,78,535,3,dilution_1.txt,45,380
2020-10-31,15:09:46,312,194,76,535,3,dilution_1.txt,46,381
2020-10-31,15:09:47,309,192,77,535,3,dilution_1.txt,47,382
2020-10-31,15:09:48,314,196,77,535,3,dilution_1.txt,48,383
2020-10-31,15:09:49,312,193,73,535,3,dilution_1.txt,49,384
2020-10-31,15:09:51,312,194,81,534,3,dilution_1.txt,51,386
2020-10-31,15:09:52,313,197,73,535,3,dilution_1.txt,52,387
2020-10-31,15:09:53,309,197,74,534,3,dilution_1.txt,53,388
2020-10-31,15:09:54,310,194,74,534,3,dilution_1.txt,54,389
2020-10-31,15:09:55,311,199,80,535,3,dilution_1.txt,55,390
2020-10-31,15:09:56,317,196,80,534,3,dilution_1.txt,56,391
2020-10-31,15:09:57,314,193,76,534,3,dilution_1.txt,57,392
2020-10-31,15:09:58,310,194,78,534,3,dilution_1.txt,58,393
2020-10-31,15:09:59,309,193,73,534,3,dilution_1.txt,59,394
2020-10-31,15:10:00,311,195,74,534,3,dilution_1.txt,0,395
2020-10-31,15:10:01,311,199,75,534,3,dilution_1.txt,1,396
2020-10-31,15:10:02,309,198,77,534,3,dilution_1.txt,2,397
2020-10-31,15:10:03,311,193,77,534,3,dilution_1.txt,3,398
2020-10-31,15:10:04,309,194,76,534,3,dilution_1.txt,4,399
2020-10-31,15:10:05,307,195,75,534,3,dilution_1.txt,5,400
2020-10-31,15:10:07,313,194,76,534,3,dilution_1.txt,7,402
2020-10-31,15:10:08,310,194,75,534,3,dilution_1.txt,8,403
2020-10-31,15:10:09,308,195,76,534,3,dilution_1.txt,9,404
2020-10-31,15:10:10,310,194,77,534,3,dilution_1.txt,10,405
2020-10-31,15:10:11,315,193,78,534,3,dilution_1.txt,11,406
2020-10-31,15:10:12,309,195,76,534,3,dilution_1.txt,12,407
2020-10-31,15:10:13,312,196,74,534,3,dilution_1.txt,13,408
2020-10-31,15:10:14,310,197,74,534,3,dilution_1.txt,14,409
2020-10-31,15:10:15,308,191,77,534,3,dilution_1.txt,15,410
2020-10-31,15:10:16,310,196,78,534,3,dilution_1.txt,16,411
2020-10-31,15:10:17,309,194,77,534,3,dilution_1.txt,17,412
2020-10-31,15:10:18,303,192,76,534,3,dilution_1.txt,18,413
2020-10-31,15:10:19,310,192,79,534,3,dilution_1.txt,19,414
2020-10-31,15:10:20,311,195,77,534,3,dilution_1.txt,20,415
2020-10-31,15:10:22,306,194,80,534,3,dilution_1.txt,22,417
2020-10-31,15:10:23,313,193,75,534,3,dilution_1.txt,23,418
2020-10-31,15:10:24,310,194,77,534,3,dilution_1.txt,24,419
2020-10-31,15:10:25,312,194,76,534,3,dilution_1.txt,25,420
2020-10-31,15:10:26,312,194,80,534,3,dilution_1.txt,26,421
2020-10-31,15:10:27,310,195,75,534,3,dilution_1.txt,27,422
2020-10-31,15:10:28,313,195,74,533,3,dilution_1.txt,28,423
2020-10-31,15:10:29,311,198,77,534,3,dilution_1.txt,29,424
2020-10-31,15:10:30,312,191,73,534,3,dilution_1.txt,30,425
2020-10-31,15:10:31,307,192,76,534,3,dilution_1.txt,31,426
2020-10-31,15:10:32,312,194,79,534,3,dilution_1.txt,32,427
2020-10-31,15:10:33,306,196,76,534,3,dilution_1.txt,33,428
2020-10-31,15:10:34,307,193,78,534,3,dilution_1.txt,34,429
2020-10-31,15:10:35,312,194,77,533,3,dilution_1.txt,35,430
2020-10-31,15:10:36,309,197,77,534,3,dilution_1.txt,36,431
2020-10-31,15:10:38,308,193,81,534,3,dilution_1.txt,38,433
2020-10-31,15:10:39,307,195,77,534,3,dilution_1.txt,39,434
2020-10-31,15:10:40,311,194,82,534,3,dilution_1.txt,40,435
2020-10-31,15:10:41,312,196,77,534,3,dilution_1.txt,41,436
2020-10-31,15:10:42,310,195,77,533,3,dilution_1.txt,42,437
2020-10-31,15:10:43,305,190,73,534,3,dilution_1.txt,43,438
2020-10-31,15:10:44,306,194,76,533,3,dilution_1.txt,44,439
2020-10-31,15:10:45,309,193,77,533,3,dilution_1.txt,45,440
2020-10-31,15:10:46,310,195,79,533,3,dilution_1.txt,46,441
2020-10-31,15:10:47,312,197,76,534,3,dilution_1.txt,47,442
2020-10-31,15:10:48,312,195,75,534,3,dilution_1.txt,48,443
2020-10-31,15:10:49,314,194,79,533,3,dilution_1.txt,49,444
2020-10-31,15:10:50,308,194,75,534,3,dilution_1.txt,50,445
2020-10-31,15:10:51,308,195,79,533,3,dilution_1.txt,51,446
2020-10-31,15:10:53,311,192,76,533,3,dilution_1.txt,53,448
2020-10-31,15:10:54,307,191,75,533,3,dilution_1.txt,54,449
2020-10-31,15:10:55,304,194,74,533,3,dilution_1.txt,55,450
2020-10-31,15:10:56,308,193,78,533,3,dilution_1.txt,56,451
2020-10-31,15:10:57,307,194,79,533,3,dilution_1.txt,57,452
2020-10-31,15:10:58,305,192,79,533,3,dilution_1.txt,58,453
2020-10-31,15:10:59,311,194,75,533,3,dilution_1.txt,59,454
2020-10-31,15:11:00,309,195,74,533,3,dilution_1.txt,0,455
2020-10-31,15:11:01,305,192,77,533,3,dilution_1.txt,1,456
2020-10-31,15:11:02,314,193,76,533,3,dilution_1.txt,2,457
2020-10-31,15:16:34,137,93,67,537,1,dilution_2.txt,34,0
2020-10-31,15:16:35,139,94,66,537,1,dilution_2.txt,35,1
2020-10-31,15:16:36,140,93,65,537,1,dilution_2.txt,36,2
2020-10-31,15:16:37,139,93,68,537,1,dilution_2.txt,37,3
2020-10-31,15:16:38,139,90,67,536,1,dilution_2.txt,38,4
2020-10-31,15:16:39,137,93,66,536,1,dilution_2.txt,39,5
2020-10-31,15:16:40,137,92,66,536,1,dilution_2.txt,40,6
2020-10-31,15:16:41,136,91,70,536,1,dilution_2.txt,41,7
2020-10-31,15:16:42,139,93,66,536,1,dilution_2.txt,42,8
2020-10-31,15:16:43,140,96,65,536,1,dilution_2.txt,43,9
2020-10-31,15:16:44,138,93,64,536,1,dilution_2.txt,44,10
2020-10-31,15:16:45,141,94,69,536,1,dilution_2.txt,45,11
2020-10-31,15:16:47,137,95,69,536,1,dilution_2.txt,47,13
2020-10-31,15:16:48,138,93,67,536,1,dilution_2.txt,48,14
2020-10-31,15:16:49,138,94,63,536,1,dilution_2.txt,49,15
2020-10-31,15:16:50,140,90,65,536,1,dilution_2.txt,50,16
2020-10-31,15:16:51,139,92,66,536,1,dilution_2.txt,51,17
2020-10-31,15:16:52,135,94,66,536,1,dilution_2.txt,52,18
2020-10-31,15:16:53,138,94,67,535,1,dilution_2.txt,53,19
2020-10-31,15:16:54,137,96,65,535,1,dilution_2.txt,54,20
2020-10-31,15:16:55,140,92,67,536,1,dilution_2.txt,55,21
2020-10-31,15:16:56,140,91,67,535,1,dilution_2.txt,56,22
2020-10-31,15:16:57,134,90,68,535,1,dilution_2.txt,57,23
2020-10-31,15:16:58,140,93,70,535,1,dilution_2.txt,58,24
2020-10-31,15:16:59,142,93,64,535,1,dilution_2.txt,59,25
2020-10-31,15:17:00,139,93,65,535,1,dilution_2.txt,0,26
2020-10-31,15:17:01,138,95,65,535,1,dilution_2.txt,1,27
2020-10-31,15:17:03,137,92,66,535,1,dilution_2.txt,3,29
2020-10-31,15:17:04,137,95,65,535,1,dilution_2.txt,4,30
2020-10-31,15:17:05,139,92,64,535,1,dilution_2.txt,5,31
2020-10-31,15:17:06,136,90,66,535,1,dilution_2.txt,6,32
2020-10-31,15:17:07,137,92,69,535,1,dilution_2.txt,7,33
2020-10-31,15:17:08,139,93,64,535,1,dilution_2.txt,8,34
2020-10-31,15:17:09,137,94,66,535,1,dilution_2.txt,9,35
2020-10-31,15:17:10,136,92,66,535,1,dilution_2.txt,10,36
2020-10-31,15:17:11,137,95,66,535,1,dilution_2.txt,11,37
2020-10-31,15:17:12,138,97,70,535,1,dilution_2.txt,12,38
2020-10-31,15:17:13,140,95,66,535,1,dilution_2.txt,13,39
2020-10-31,15:17:14,139,93,66,535,1,dilution_2.txt,14,40
2020-10-31,15:17:15,142,92,68,535,1,dilution_2.txt,15,41
2020-10-31,15:17:16,136,91,67,535,1,dilution_2.txt,16,42
2020-10-31,15:17:17,139,90,66,535,1,dilution_2.txt,17,43
2020-10-31,15:17:19,140,94,66,535,1,dilution_2.txt,19,45
2020-10-31,15:17:20,137,91,66,535,1,dilution_2.txt,20,46
2020-10-31,15:17:21,137,91,66,535,1,dilution_2.txt,21,47
2020-10-31,15:17:22,137,91,65,535,1,dilution_2.txt,22,48
2020-10-31,15:17:23,139,92,70,534,1,dilution_2.txt,23,49
2020-10-31,15:17:24,139,92,67,534,1,dilution_2.txt,24,50
2020-10-31,15:17:25,140,93,64,534,1,dilution_2.txt,25,51
2020-10-31,15:17:26,141,92,68,534,1,dilution_2.txt,26,52
2020-10-31,15:17:27,140,91,68,534,1,dilution_2.txt,27,53
2020-10-31,15:17:28,140,90,66,534,1,dilution_2.txt,28,54
2020-10-31,15:17:29,136,94,69,534,1,dilution_2.txt,29,55
2020-10-31,15:17:30,139,91,68,534,1,dilution_2.txt,30,56
2020-10-31,15:17:31,139,91,66,534,1,dilution_2.txt,31,57
2020-10-31,15:17:32,139,94,64,534,1,dilution_2.txt,32,58
2020-10-31,15:17:33,138,93,69,534,1,dilution_2.txt,33,59
2020-10-31,15:19:36,141,94,69,537,2,dilution_2.txt,36,182
2020-10-31,15:19:37,139,91,64,536,2,dilution_2.txt,37,183
2020-10-31,15:19:38,139,94,68,536,2,dilution_2.txt,38,184
2020-10-31,15:19:39,140,92,65,536,2,dilution_2.txt,39,185
2020-10-31,15:19:40,138,92,68,535,2,dilution_2.txt,40,186
2020-10-31,15:19:41,136,97,65,535,2,dilution_2.txt,41,187
2020-10-31,15:19:42,141,91,66,535,2,dilution_2.txt,42,188
2020-10-31,15:19:43,139,95,65,535,2,dilution_2.txt,43,189
2020-10-31,15:19:44,139,91,66,535,2,dilution_2.txt,44,190
2020-10-31,15:19:46,140,92,68,535,2,dilution_2.txt,46,192
2020-10-31,15:19:47,138,92,69,535,2,dilution_2.txt,47,193
2020-10-31,15:19:48,140,91,67,535,2,dilution_2.txt,48,194
2020-10-31,15:19:49,139,91,66,535,2,dilution_2.txt,49,195
2020-10-31,15:19:50,137,90,65,535,2,dilution_2.txt,50,196
2020-10-31,15:19:51,139,95,64,535,2,dilution_2.txt,51,197
2020-10-31,15:19:52,139,92,68,535,2,dilution_2.txt,52,198
2020-10-31,15:19:53,142,91,66,535,2,dilution_2.txt,53,199
2020-10-31,15:19:54,135,92,67,535,2,dilution_2.txt,54,200
2020-10-31,15:19:55,140,93,65,535,2,dilution_2.txt,55,201
2020-10-31,15:19:56,139,92,67,535,2,dilution_2.txt,56,202
2020-10-31,15:19:57,143,94,67,535,2,dilution_2.txt,57,203
2020-10-31,15:19:58,138,96,67,535,2,dilution_2.txt,58,204
2020-10-31,15:19:59,141,94,67,534,2,dilution_2.txt,59,205
2020-10-31,15:20:00,137,94,66,535,2,dilution_2.txt,0,206
2020-10-31,15:20:02,141,93,65,535,2,dilution_2.txt,2,208
2020-10-31,15:20:03,139,94,64,535,2,dilution_2.txt,3,209
2020-10-31,15:20:04,137,93,70,535,2,dilution_2.txt,4,210
2020-10-31,15:20:05,141,96,69,534,2,dilution_2.txt,5,211
2020-10-31,15:20:06,138,92,63,535,2,dilution_2.txt,6,212
2020-10-31,15:20:07,141,92,71,534,2,dilution_2.txt,7,213
2020-10-31,15:20:08,140,94,64,534,2,dilution_2.txt,8,214
2020-10-31,15:20:09,139,92,67,534,2,dilution_2.txt,9,215
2020-10-31,15:20:10,142,95,68,534,2,dilution_2.txt,10,216
2020-10-31,15:20:11,139,91,65,534,2,dilution_2.txt,11,217
2020-10-31,15:20:12,141,91,66,534,2,dilution_2.txt,12,218
2020-10-31,15:20:13,138,94,67,534,2,dilution_2.txt,13,219
2020-10-31,15:20:14,143,92,67,534,2,dilution_2.txt,14,220
2020-10-31,15:20:15,140,92,66,534,2,dilution_2.txt,15,221
2020-10-31,15:20:16,140,91,67,534,2,dilution_2.txt,16,222
2020-10-31,15:20:18,142,92,65,534,2,dilution_2.txt,18,224
2020-10-31,15:20:19,136,94,65,534,2,dilution_2.txt,19,225
2020-10-31,15:20:20,143,91,66,534,2,dilution_2.txt,20,226
2020-10-31,15:20:21,139,93,65,534,2,dilution_2.txt,21,227
2020-10-31,15:20:22,136,94,69,534,2,dilution_2.txt,22,228
2020-10-31,15:20:23,138,92,68,534,2,dilution_2.txt,23,229
2020-10-31,15:20:24,139,94,66,534,2,dilution_2.txt,24,230
2020-10-31,15:20:25,140,94,69,534,2,dilution_2.txt,25,231
2020-10-31,15:20:26,140,91,66,534,2,dilution_2.txt,26,232
2020-10-31,15:20:27,136,94,65,534,2,dilution_2.txt,27,233
2020-10-31,15:20:28,140,96,64,534,2,dilution_2.txt,28,234
2020-10-31,15:20:29,138,93,63,534,2,dilution_2.txt,29,235
2020-10-31,15:20:30,141,92,63,534,2,dilution_2.txt,30,236
2020-10-31,15:20:31,138,93,69,534,2,dilution_2.txt,31,237
2020-10-31,15:20:32,137,90,68,534,2,dilution_2.txt,32,238
2020-10-31,15:22:38,140,94,68,536,3,dilution_2.txt,38,364
2020-10-31,15:22:39,141,95,70,536,3,dilution_2.txt,39,365
2020-10-31,15:22:40,141,93,65,536,3,dilution_2.txt,40,366
2020-10-31,15:22:42,141,91,65,536,3,dilution_2.txt,42,368
2020-10-31,15:22:43,141,90,65,536,3,dilution_2.txt,43,369
2020-10-31,15:22:44,139,91,67,535,3,dilution_2.txt,44,370
2020-10-31,15:22:45,138,92,64,535,3,dilution_2.txt,45,371
2020-10-31,15:22:46,140,92,66,535,3,dilution_2.txt,46,372
2020-10-31,15:22:47,141,92,65,535,3,dilution_2.txt,47,373
2020-10-31,15:22:48,138,93,68,535,3,dilution_2.txt,48,374
2020-10-31,15:22:49,133,91,66,535,3,dilution_2.txt,49,375
2020-10-31,15:22:50,139,93,65,535,3,dilution_2.txt,50,376
2020-10-31,15:22:51,139,95,65,535,3,dilution_2.txt,51,377
2020-10-31,15:22:52,138,87,63,535,3,dilution_2.txt,52,378
2020-10-31,15:22:53,139,89,63,535,3,dilution_2.txt,53,379
2020-10-31,15:22:54,143,97,67,535,3,dilution_2.txt,54,380
2020-10-31,15:22:55,139,92,68,535,3,dilution_2.txt,55,381
2020-10-31,15:22:56,143,93,67,535,3,dilution_2.txt,56,382
2020-10-31,15:22:58,139,94,66,535,3,dilution_2.txt,58,384
2020-10-31,15:22:59,144,93,70,535,3,dilution_2.txt,59,385
2020-10-31,15:23:00,136,94,69,535,3,dilution_2.txt,0,386
2020-10-31,15:23:01,139,89,66,535,3,dilution_2.txt,1,387
2020-10-31,15:23:02,139,90,68,535,3,dilution_2.txt,2,388
2020-10-31,15:23:03,137,91,67,535,3,dilution_2.txt,3,389
2020-10-31,15:23:04,142,96,66,534,3,dilution_2.txt,4,390
2020-10-31,15:23:05,140,91,67,535,3,dilution_2.txt,5,391
2020-10-31,15:23:06,139,96,71,534,3,dilution_2.txt,6,392
2020-10-31,15:23:07,140,90,66,534,3,dilution_2.txt,7,393
2020-10-31,15:23:08,141,94,67,534,3,dilution_2.txt,8,394
2020-10-31,15:23:09,139,93,68,534,3,dilution_2.txt,9,395
2020-10-31,15:23:10,136,89,66,534,3,dilution_2.txt,10,396
2020-10-31,15:23:11,140,93,66,534,3,dilution_2.txt,11,397
2020-10-31,15:23:12,139,92,67,534,3,dilution_2.txt,12,398
2020-10-31,15:23:14,141,91,65,534,3,dilution_2.txt,14,400
2020-10-31,15:23:15,138,92,69,534,3,dilution_2.txt,15,401
2020-10-31,15:23:16,138,94,64,534,3,dilution_2.txt,16,402
2020-10-31,15:23:17,139,96,64,534,3,dilution_2.txt,17,403
2020-10-31,15:23:18,140,93,66,534,3,dilution_2.txt,18,404
2020-10-31,15:23:19,140,93,65,534,3,dilution_2.txt,19,405
2020-10-31,15:23:20,137,89,68,534,3,dilution_2.txt,20,406
2020-10-31,15:23:21,138,90,63,534,3,dilution_2.txt,21,407
2020-10-31,15:23:22,140,90,64,534,3,dilution_2.txt,22,408
2020-10-31,15:23:23,137,92,65,534,3,dilution_2.txt,23,409
2020-10-31,15:23:24,140,94,68,534,3,dilution_2.txt,24,410
2020-10-31,15:23:25,139,94,65,534,3,dilution_2.txt,25,411
2020-10-31,15:23:26,137,92,64,534,3,dilution_2.txt,26,412
2020-10-31,15:23:27,140,92,64,534,3,dilution_2.txt,27,413
2020-10-31,15:23:29,139,93,67,534,3,dilution_2.txt,29,415
2020-10-31,15:23:30,139,91,70,534,3,dilution_2.txt,30,416
2020-10-31,15:23:31,141,93,61,534,3,dilution_2.txt,31,417
2020-10-31,15:23:32,140,92,69,534,3,dilution_2.txt,32,418
2020-10-31,15:23:33,137,93,65,534,3,dilution_2.txt,33,419
2020-10-31,15:23:34,139,92,66,534,3,dilution_2.txt,34,420
2020-10-31,15:23:35,138,88,63,534,3,dilution_2.txt,35,421
2020-10-31,15:23:36,142,91,69,534,3,dilution_2.txt,36,422
2020-10-31,15:23:37,140,93,66,534,3,dilution_2.txt,37,423
2020-10-31,15:23:38,139,94,69,534,3,dilution_2.txt,38,424
2020-10-31,15:23:39,138,95,65,533,3,dilution_2.txt,39,425
2020-10-31,15:23:40,135,92,69,534,3,dilution_2.txt,40,426
2020-10-31,15:23:41,138,93,65,534,3,dilution_2.txt,41,427
2020-10-31,15:23:42,140,95,69,534,3,dilution_2.txt,42,428
2020-10-31,15:23:43,138,90,66,534,3,dilution_2.txt,43,429
2020-10-31,15:23:45,137,90,65,615,3,dilution_2.txt,45,431
2020-10-31,15:38:49,152,79,90,538,1,dilution_3.txt,49,0
2020-10-31,15:38:50,156,81,95,538,1,dilution_3.txt,50,1
2020-10-31,15:38:51,155,79,91,537,1,dilution_3.txt,51,2
2020-10-31,15:38:52,152,81,90,537,1,dilution_3.txt,52,3
2020-10-31,15:38:53,152,81,92,537,1,dilution_3.txt,53,4
2020-10-31,15:38:54,152,78,91,537,1,dilution_3.txt,54,5
2020-10-31,15:38:56,152,79,92,537,1,dilution_3.txt,56,7
2020-10-31,15:38:57,154,79,91,537,1,dilution_3.txt,57,8
2020-10-31,15:38:58,152,78,92,537,1,dilution_3.txt,58,9
2020-10-31,15:38:59,152,79,93,536,1,dilution_3.txt,59,10
2020-10-31,15:39:00,154,80,93,536,1,dilution_3.txt,0,11
2020-10-31,15:39:01,156,77,95,536,1,dilution_3.txt,1,12
2020-10-31,15:39:02,154,80,91,536,1,dilution_3.txt,2,13
2020-10-31,15:39:03,157,81,89,536,1,dilution_3.txt,3,14
2020-10-31,15:39:04,153,81,93,536,1,dilution_3.txt,4,15
2020-10-31,15:39:05,155,83,91,536,1,dilution_3.txt,5,16
2020-10-31,15:39:06,148,81,93,536,1,dilution_3.txt,6,17
2020-10-31,15:39:07,154,81,90,536,1,dilution_3.txt,7,18
2020-10-31,15:39:08,150,75,92,536,1,dilution_3.txt,8,19
2020-10-31,15:39:09,154,81,93,536,1,dilution_3.txt,9,20
2020-10-31,15:39:10,149,80,93,536,1,dilution_3.txt,10,21
2020-10-31,15:39:12,153,83,91,536,1,dilution_3.txt,12,23
2020-10-31,15:39:13,155,78,92,536,1,dilution_3.txt,13,24
2020-10-31,15:39:14,155,82,92,536,1,dilution_3.txt,14,25
2020-10-31,15:39:15,154,78,94,536,1,dilution_3.txt,15,26
2020-10-31,15:39:16,153,80,93,536,1,dilution_3.txt,16,27
2020-10-31,15:39:17,153,80,93,536,1,dilution_3.txt,17,28
2020-10-31,15:39:18,154,76,92,536,1,dilution_3.txt,18,29
2020-10-31,15:39:19,152,80,90,536,1,dilution_3.txt,19,30
2020-10-31,15:39:20,154,83,92,535,1,dilution_3.txt,20,31
2020-10-31,15:39:21,154,80,95,536,1,dilution_3.txt,21,32
2020-10-31,15:39:22,152,80,93,536,1,dilution_3.txt,22,33
2020-10-31,15:39:23,151,78,92,535,1,dilution_3.txt,23,34
2020-10-31,15:39:24,153,78,93,535,1,dilution_3.txt,24,35
2020-10-31,15:39:25,154,79,90,535,1,dilution_3.txt,25,36
2020-10-31,15:39:26,153,82,90,535,1,dilution_3.txt,26,37
2020-10-31,15:39:28,156,79,90,535,1,dilution_3.txt,28,39
2020-10-31,15:39:29,150,83,95,535,1,dilution_3.txt,29,40
2020-10-31,15:39:30,155,80,90,535,1,dilution_3.txt,30,41
2020-10-31,15:39:31,155,83,90,535,1,dilution_3.txt,31,42
2020-10-31,15:39:32,151,85,94,535,1,dilution_3.txt,32,43
2020-10-31,15:39:33,152,76,93,535,1,dilution_3.txt,33,44
2020-10-31,15:39:34,151,78,89,535,1,dilution_3.txt,34,45
2020-10-31,15:39:35,154,79,92,535,1,dilution_3.txt,35,46
2020-10-31,15:39:36,150,81,91,535,1,dilution_3.txt,36,47
2020-10-31,15:39:37,153,81,95,535,1,dilution_3.txt,37,48
2020-10-31,15:39:38,151,80,93,535,1,dilution_3.txt,38,49
2020-10-31,15:39:39,151,76,93,535,1,dilution_3.txt,39,50
2020-10-31,15:39:40,154,81,90,535,1,dilution_3.txt,40,51
2020-10-31,15:39:41,155,80,92,535,1,dilution_3.txt,41,52
2020-10-31,15:39:42,151,81,94,535,1,dilution_3.txt,42,53
2020-10-31,15:39:44,154,78,90,535,1,dilution_3.txt,44,55
2020-10-31,15:39:45,152,77,91,535,1,dilution_3.txt,45,56
2020-10-31,15:39:46,154,77,91,535,1,dilution_3.txt,46,57
2020-10-31,15:39:47,153,84,93,535,1,dilution_3.txt,47,58
2020-10-31,15:39:48,152,78,94,535,1,dilution_3.txt,48,59
2020-10-31,15:41:58,152,78,92,537,2,dilution_3.txt,58,189
2020-10-31,15:41:59,152,83,93,537,2,dilution_3.txt,59,190
2020-10-31,15:42:00,148,79,93,536,2,dilution_3.txt,0,191
2020-10-31,15:42:01,153,81,92,536,2,dilution_3.txt,1,192
2020-10-31,15:42:02,154,81,93,536,2,dilution_3.txt,2,193
2020-10-31,15:42:03,156,80,92,536,2,dilution_3.txt,3,194
2020-10-31,15:42:04,153,80,94,536,2,dilution_3.txt,4,195
2020-10-31,15:42:06,153,77,88,536,2,dilution_3.txt,6,197
2020-10-31,15:42:07,153,78,91,536,2,dilution_3.txt,7,198
2020-10-31,15:42:08,151,78,93,536,2,dilution_3.txt,8,199
2020-10-31,15:42:09,151,78,94,535,2,dilution_3.txt,9,200
2020-10-31,15:42:10,152,79,92,535,2,dilution_3.txt,10,201
2020-10-31,15:42:11,155,78,93,535,2,dilution_3.txt,11,202
2020-10-31,15:42:12,152,79,95,535,2,dilution_3.txt,12,203
2020-10-31,15:42:13,156,80,87,535,2,dilution_3.txt,13,204
2020-10-31,15:42:14,155,80,92,535,2,dilution_3.txt,14,205
2020-10-31,15:42:15,153,81,94,535,2,dilution_3.txt,15,206
2020-10-31,15:42:16,152,76,94,535,2,dilution_3.txt,16,207
2020-10-31,15:42:17,150,81,94,535,2,dilution_3.txt,17,208
2020-10-31,15:42:18,154,80,90,535,2,dilution_3.txt,18,209
2020-10-31,15:42:19,154,81,92,535,2,dilution_3.txt,19,210
2020-10-31,15:42:21,154,80,88,535,2,dilution_3.txt,21,212
2020-10-31,15:42:22,151,82,91,535,2,dilution_3.txt,22,213
2020-10-31,15:42:23,151,79,90,535,2,dilution_3.txt,23,214
2020-10-31,15:42:24,151,79,94,535,2,dilution_3.txt,24,215
2020-10-31,15:42:25,152,78,92,535,2,dilution_3.txt,25,216
2020-10-31,15:42:26,156,78,93,535,2,dilution_3.txt,26,217
2020-10-31,15:42:27,153,80,87,535,2,dilution_3.txt,27,218
2020-10-31,15:42:28,152,77,91,535,2,dilution_3.txt,28,219
2020-10-31,15:42:29,151,80,91,535,2,dilution_3.txt,29,220
2020-10-31,15:42:30,151,77,93,535,2,dilution_3.txt,30,221
2020-10-31,15:42:31,156,81,93,535,2,dilution_3.txt,31,222
2020-10-31,15:42:32,152,80,91,535,2,dilution_3.txt,32,223
2020-10-31,15:42:33,154,81,93,535,2,dilution_3.txt,33,224
2020-10-31,15:42:34,150,79,95,535,2,dilution_3.txt,34,225
2020-10-31,15:42:35,155,78,92,535,2,dilution_3.txt,35,226
2020-10-31,15:42:37,154,81,92,535,2,dilution_3.txt,37,228
2020-10-31,15:42:38,157,79,94,535,2,dilution_3.txt,38,229
2020-10-31,15:42:39,151,78,91,534,2,dilution_3.txt,39,230
2020-10-31,15:42:40,155,80,91,534,2,dilution_3.txt,40,231
2020-10-31,15:42:41,154,76,91,534,2,dilution_3.txt,41,232
2020-10-31,15:42:42,151,81,92,534,2,dilution_3.txt,42,233
2020-10-31,15:42:43,154,81,91,534,2,dilution_3.txt,43,234
2020-10-31,15:42:44,152,80,92,534,2,dilution_3.txt,44,235
2020-10-31,15:42:45,150,81,97,534,2,dilution_3.txt,45,236
2020-10-31,15:42:46,151,81,92,534,2,dilution_3.txt,46,237
2020-10-31,15:42:47,150,78,95,534,2,dilution_3.txt,47,238
2020-10-31,15:42:48,154,81,92,534,2,dilution_3.txt,48,239
2020-10-31,15:44:52,148,79,90,537,3,dilution_3.txt,52,363
2020-10-31,15:44:53,147,82,91,536,3,dilution_3.txt,53,364
2020-10-31,15:44:54,153,79,91,536,3,dilution_3.txt,54,365
2020-10-31,15:44:55,153,82,92,536,3,dilution_3.txt,55,366
2020-10-31,15:44:56,152,83,94,536,3,dilution_3.txt,56,367
2020-10-31,15:44:57,153,81,91,535,3,dilution_3.txt,57,368
2020-10-31,15:44:58,152,82,94,535,3,dilution_3.txt,58,369
2020-10-31,15:44:59,150,80,94,535,3,dilution_3.txt,59,370
2020-10-31,15:45:00,154,81,92,535,3,dilution_3.txt,0,371
2020-10-31,15:45:01,153,80,92,535,3,dilution_3.txt,1,372
2020-10-31,15:45:02,152,80,91,535,3,dilution_3.txt,2,373
2020-10-31,15:45:03,154,80,92,535,3,dilution_3.txt,3,374
2020-10-31,15:45:04,149,81,93,535,3,dilution_3.txt,4,375
2020-10-31,15:45:06,154,77,91,535,3,dilution_3.txt,6,377
2020-10-31,15:45:07,151,76,91,535,3,dilution_3.txt,7,378
2020-10-31,15:45:08,154,83,89,535,3,dilution_3.txt,8,379
2020-10-31,15:45:09,152,74,91,535,3,dilution_3.txt,9,380
2020-10-31,15:45:10,152,79,93,535,3,dilution_3.txt,10,381
2020-10-31,15:45:11,152,79,92,535,3,dilution_3.txt,11,382
2020-10-31,15:45:12,152,79,93,535,3,dilution_3.txt,12,383
2020-10-31,15:45:13,155,81,91,535,3,dilution_3.txt,13,384
2020-10-31,15:45:14,151,81,89,535,3,dilution_3.txt,14,385
2020-10-31,15:45:15,155,80,93,535,3,dilution_3.txt,15,386
2020-10-31,15:45:16,155,77,92,534,3,dilution_3.txt,16,387
2020-10-31,15:45:17,154,81,90,534,3,dilution_3.txt,17,388
2020-10-31,15:45:18,153,78,95,535,3,dilution_3.txt,18,389
2020-10-31,15:45:19,152,78,92,535,3,dilution_3.txt,19,390
2020-10-31,15:45:20,154,80,93,534,3,dilution_3.txt,20,391
2020-10-31,15:45:22,150,81,90,534,3,dilution_3.txt,22,393
2020-10-31,15:45:23,154,77,90,534,3,dilution_3.txt,23,394
2020-10-31,15:45:24,153,78,91,534,3,dilution_3.txt,24,395
2020-10-31,15:45:25,152,80,90,534,3,dilution_3.txt,25,396
2020-10-31,15:45:26,151,78,91,534,3,dilution_3.txt,26,397
2020-10-31,15:45:27,152,80,92,534,3,dilution_3.txt,27,398
2020-10-31,15:45:28,156,78,92,534,3,dilution_3.txt,28,399
2020-10-31,15:45:29,150,77,94,534,3,dilution_3.txt,29,400
2020-10-31,15:45:30,153,79,93,534,3,dilution_3.txt,30,401
2020-10-31,15:45:31,152,80,91,534,3,dilution_3.txt,31,402
2020-10-31,15:45:32,154,80,93,534,3,dilution_3.txt,32,403
2020-10-31,15:45:33,153,77,91,534,3,dilution_3.txt,33,404
2020-10-31,15:45:34,153,81,91,534,3,dilution_3.txt,34,405
2020-10-31,15:45:35,153,81,94,534,3,dilution_3.txt,35,406
2020-10-31,15:45:36,154,81,94,534,3,dilution_3.txt,36,407
2020-10-31,15:45:38,155,81,89,534,3,dilution_3.txt,38,409
2020-10-31,15:45:39,151,80,91,534,3,dilution_3.txt,39,410
2020-10-31,15:45:40,151,81,92,534,3,dilution_3.txt,40,411
2020-10-31,15:45:41,154,82,91,534,3,dilution_3.txt,41,412
2020-10-31,15:45:42,153,79,95,534,3,dilution_3.txt,42,413
2020-10-31,15:45:43,150,80,92,534,3,dilution_3.txt,43,414
2020-10-31,15:45:44,151,80,88,534,3,dilution_3.txt,44,415
2020-10-31,15:45:45,154,78,93,534,3,dilution_3.txt,45,416
2020-10-31,15:45:46,151,83,90,534,3,dilution_3.txt,46,417
2020-10-31,15:45:47,153,80,91,534,3,dilution_3.txt,47,418
2020-10-31,15:45:48,152,77,90,534,3,dilution_3.txt,48,419
2020-10-31,15:51:55,106,75,83,537,1,dilution_4.txt,55,0
2020-10-31,15:51:56,106,73,82,537,1,dilution_4.txt,56,1
2020-10-31,15:51:57,104,74,79,537,1,dilution_4.txt,57,2
2020-10-31,15:51:58,100,74,83,536,1,dilution_4.txt,58,3
2020-10-31,15:51:59,104,76,86,536,1,dilution_4.txt,59,4
2020-10-31,15:52:00,108,74,81,536,1,dilution_4.txt,0,5
2020-10-31,15:52:01,105,72,82,536,1,dilution_4.txt,1,6
2020-10-31,15:52:02,103,75,83,536,1,dilution_4.txt,2,7
2020-10-31,15:52:03,105,76,84,536,1,dilution_4.txt,3,8
2020-10-31,15:52:04,101,75,82,536,1,dilution_4.txt,4,9
2020-10-31,15:52:05,105,75,84,536,1,dilution_4.txt,5,10
2020-10-31,15:52:07,102,76,80,536,1,dilution_4.txt,7,12
2020-10-31,15:52:08,102,73,83,536,1,dilution_4.txt,8,13
2020-10-31,15:52:09,104,77,80,536,1,dilution_4.txt,9,14
2020-10-31,15:52:10,104,75,81,535,1,dilution_4.txt,10,15
2020-10-31,15:52:11,103,74,77,535,1,dilution_4.txt,11,16
2020-10-31,15:52:12,108,74,80,535,1,dilution_4.txt,12,17
2020-10-31,15:52:13,102,75,83,535,1,dilution_4.txt,13,18
2020-10-31,15:52:14,104,74,81,536,1,dilution_4.txt,14,19
2020-10-31,15:52:15,106,75,83,535,1,dilution_4.txt,15,20
2020-10-31,15:52:16,106,76,86,535,1,dilution_4.txt,16,21
2020-10-31,15:52:17,108,75,82,535,1,dilution_4.txt,17,22
2020-10-31,15:52:18,104,76,83,535,1,dilution_4.txt,18,23
2020-10-31,15:52:19,104,73,84,535,1,dilution_4.txt,19,24
2020-10-31,15:52:20,104,77,82,535,1,dilution_4.txt,20,25
2020-10-31,15:52:21,101,71,81,535,1,dilution_4.txt,21,26
2020-10-31,15:52:23,104,74,84,535,1,dilution_4.txt,23,28
2020-10-31,15:52:24,102,73,79,535,1,dilution_4.txt,24,29
2020-10-31,15:52:25,104,77,85,535,1,dilution_4.txt,25,30
2020-10-31,15:52:26,103,75,84,535,1,dilution_4.txt,26,31
2020-10-31,15:52:27,107,76,82,535,1,dilution_4.txt,27,32
2020-10-31,15:52:28,102,72,81,535,1,dilution_4.txt,28,33
2020-10-31,15:52:29,106,73,80,535,1,dilution_4.txt,29,34
2020-10-31,15:52:30,102,74,85,535,1,dilution_4.txt,30,35
2020-10-31,15:52:31,105,74,83,535,1,dilution_4.txt,31,36
2020-10-31,15:52:32,104,76,83,535,1,dilution_4.txt,32,37
2020-10-31,15:52:33,103,77,81,535,1,dilution_4.txt,33,38
2020-10-31,15:52:34,103,73,85,535,1,dilution_4.txt,34,39
2020-10-31,15:52:35,104,75,81,535,1,dilution_4.txt,35,40
2020-10-31,15:52:36,102,74,82,535,1,dilution_4.txt,36,41
2020-10-31,15:52:38,103,77,84,535,1,dilution_4.txt,38,43
2020-10-31,15:52:39,103,75,82,535,1,dilution_4.txt,39,44
2020-10-31,15:52:40,103,74,84,535,1,dilution_4.txt,40,45
2020-10-31,15:52:41,103,75,81,535,1,dilution_4.txt,41,46
2020-10-31,15:52:42,100,73,80,534,1,dilution_4.txt,42,47
2020-10-31,15:52:43,107,75,85,534,1,dilution_4.txt,43,48
2020-10-31,15:52:44,103,73,83,534,1,dilution_4.txt,44,49
2020-10-31,15:52:45,104,74,83,534,1,dilution_4.txt,45,50
2020-10-31,15:52:46,105,73,82,534,1,dilution_4.txt,46,51
2020-10-31,15:52:47,103,74,84,534,1,dilution_4.txt,47,52
2020-10-31,15:52:48,104,74,84,534,1,dilution_4.txt,48,53
2020-10-31,15:52:49,104,75,83,534,1,dilution_4.txt,49,54
2020-10-31,15:52:50,102,75,82,534,1,dilution_4.txt,50,55
2020-10-31,15:52:51,100,75,84,534,1,dilution_4.txt,51,56
2020-10-31,15:52:52,106,75,85,534,1,dilution_4.txt,52,57
2020-10-31,15:52:54,104,76,84,534,1,dilution_4.txt,54,59
2020-10-31,15:54:56,104,75,83,536,2,dilution_4.txt,56,181
2020-10-31,15:54:57,102,72,81,536,2,dilution_4.txt,57,182
2020-10-31,15:54:58,101,75,82,536,2,dilution_4.txt,58,183
2020-10-31,15:54:59,105,74,84,536,2,dilution_4.txt,59,184
2020-10-31,15:55:00,104,75,79,535,2,dilution_4.txt,0,185
2020-10-31,15:55:01,103,74,81,535,2,dilution_4.txt,1,186
2020-10-31,15:55:02,101,76,84,535,2,dilution_4.txt,2,187
2020-10-31,15:55:03,103,71,85,535,2,dilution_4.txt,3,188
2020-10-31,15:55:04,104,73,82,535,2,dilution_4.txt,4,189
2020-10-31,15:55:05,106,76,83,535,2,dilution_4.txt,5,190
2020-10-31,15:55:06,106,76,83,535,2,dilution_4.txt,6,191
2020-10-31,15:55:07,103,72,85,535,2,dilution_4.txt,7,192
2020-10-31,15:55:08,104,72,80,535,2,dilution_4.txt,8,193
2020-10-31,15:55:09,105,75,81,535,2,dilution_4.txt,9,194
2020-10-31,15:55:10,102,74,82,535,2,dilution_4.txt,10,195
2020-10-31,15:55:12,108,78,85,535,2,dilution_4.txt,12,197
2020-10-31,15:55:13,101,74,82,535,2,dilution_4.txt,13,198
2020-10-31,15:55:14,104,73,81,534,2,dilution_4.txt,14,199
2020-10-31,15:55:15,102,77,84,535,2,dilution_4.txt,15,200
2020-10-31,15:55:16,102,75,82,534,2,dilution_4.txt,16,201
2020-10-31,15:55:17,105,76,84,535,2,dilution_4.txt,17,202
2020-10-31,15:55:18,107,76,83,534,2,dilution_4.txt,18,203
2020-10-31,15:55:19,101,74,82,534,2,dilution_4.txt,19,204
2020-10-31,15:55:20,105,75,84,534,2,dilution_4.txt,20,205
2020-10-31,15:55:21,101,73,83,534,2,dilution_4.txt,21,206
2020-10-31,15:55:22,108,75,86,534,2,dilution_4.txt,22,207
2020-10-31,15:55:23,103,75,83,534,2,dilution_4.txt,23,208
2020-10-31,15:55:24,104,77,83,534,2,dilution_4.txt,24,209
2020-10-31,15:55:25,103,74,80,534,2,dilution_4.txt,25,210
2020-10-31,15:55:26,105,77,82,534,2,dilution_4.txt,26,211
2020-10-31,15:55:28,105,74,83,534,2,dilution_4.txt,28,213
2020-10-31,15:55:29,103,77,83,534,2,dilution_4.txt,29,214
2020-10-31,15:55:30,106,73,83,534,2,dilution_4.txt,30,215
2020-10-31,15:55:31,103,72,82,534,2,dilution_4.txt,31,216
2020-10-31,15:55:32,105,74,85,534,2,dilution_4.txt,32,217
2020-10-31,15:55:33,104,75,85,534,2,dilution_4.txt,33,218
2020-10-31,15:55:34,106,73,83,534,2,dilution_4.txt,34,219
2020-10-31,15:55:35,102,76,81,534,2,dilution_4.txt,35,220
2020-10-31,15:55:36,105,75,83,534,2,dilution_4.txt,36,221
2020-10-31,15:55:37,104,74,82,534,2,dilution_4.txt,37,222
2020-10-31,15:55:38,105,75,81,534,2,dilution_4.txt,38,223
2020-10-31,15:55:39,103,74,83,534,2,dilution_4.txt,39,224
2020-10-31,15:55:40,103,75,81,534,2,dilution_4.txt,40,225
2020-10-31,15:55:41,104,77,82,534,2,dilution_4.txt,41,226
2020-10-31,15:55:43,103,74,83,534,2,dilution_4.txt,43,228
2020-10-31,15:55:44,106,72,82,534,2,dilution_4.txt,44,229
2020-10-31,15:55:45,108,73,83,534,2,dilution_4.txt,45,230
2020-10-31,15:55:46,104,73,83,534,2,dilution_4.txt,46,231
2020-10-31,15:55:47,103,72,83,534,2,dilution_4.txt,47,232
2020-10-31,15:55:48,104,71,80,534,2,dilution_4.txt,48,233
2020-10-31,15:55:49,107,74,82,534,2,dilution_4.txt,49,234
2020-10-31,15:55:50,104,76,83,533,2,dilution_4.txt,50,235
2020-10-31,15:55:51,104,74,82,534,2,dilution_4.txt,51,236
2020-10-31,15:55:52,103,74,81,534,2,dilution_4.txt,52,237
2020-10-31,15:55:53,104,78,85,534,2,dilution_4.txt,53,238
2020-10-31,15:55:54,103,79,80,534,2,dilution_4.txt,54,239
2020-10-31,15:58:18,107,72,79,536,3,dilution_4.txt,18,383
2020-10-31,15:58:19,103,75,82,536,3,dilution_4.txt,19,384
2020-10-31,15:58:20,105,73,83,536,3,dilution_4.txt,20,385
2020-10-31,15:58:21,103,76,85,535,3,dilution_4.txt,21,386
2020-10-31,15:58:22,105,74,81,535,3,dilution_4.txt,22,387
2020-10-31,15:58:23,102,74,84,535,3,dilution_4.txt,23,388
2020-10-31,15:58:24,105,74,83,535,3,dilution_4.txt,24,389
2020-10-31,15:58:25,101,74,82,535,3,dilution_4.txt,25,390
2020-10-31,15:58:26,105,75,85,535,3,dilution_4.txt,26,391
2020-10-31,15:58:27,102,78,83,535,3,dilution_4.txt,27,392
2020-10-31,15:58:28,102,77,79,535,3,dilution_4.txt,28,393
2020-10-31,15:58:30,105,77,83,535,3,dilution_4.txt,30,395
2020-10-31,15:58:31,105,75,81,535,3,dilution_4.txt,31,396
2020-10-31,15:58:32,103,78,83,535,3,dilution_4.txt,32,397
2020-10-31,15:58:33,102,77,82,535,3,dilution_4.txt,33,398
2020-10-31,15:58:34,106,74,81,535,3,dilution_4.txt,34,399
2020-10-31,15:58:35,102,74,83,535,3,dilution_4.txt,35,400
2020-10-31,15:58:36,101,73,81,535,3,dilution_4.txt,36,401
2020-10-31,15:58:37,104,73,83,535,3,dilution_4.txt,37,402
2020-10-31,15:58:38,106,72,84,535,3,dilution_4.txt,38,403
2020-10-31,15:58:39,104,73,82,534,3,dilution_4.txt,39,404
2020-10-31,15:58:40,105,79,82,534,3,dilution_4.txt,40,405
2020-10-31,15:58:41,105,77,80,534,3,dilution_4.txt,41,406
2020-10-31,15:58:42,106,76,84,534,3,dilution_4.txt,42,407
2020-10-31,15:58:43,106,80,81,534,3,dilution_4.txt,43,408
2020-10-31,15:58:45,105,76,84,534,3,dilution_4.txt,45,410
2020-10-31,15:58:46,105,76,83,535,3,dilution_4.txt,46,411
2020-10-31,15:58:47,106,75,82,534,3,dilution_4.txt,47,412
2020-10-31,15:58:48,109,76,85,534,3,dilution_4.txt,48,413
2020-10-31,15:58:49,102,74,82,534,3,dilution_4.txt,49,414
2020-10-31,15:58:50,107,73,82,534,3,dilution_4.txt,50,415
2020-10-31,15:58:51,100,76,80,534,3,dilution_4.txt,51,416
2020-10-31,15:58:52,103,76,85,534,3,dilution_4.txt,52,417
2020-10-31,15:58:53,103,74,83,534,3,dilution_4.txt,53,418
2020-10-31,15:58:54,102,77,79,534,3,dilution_4.txt,54,419
2020-10-31,15:58:55,102,78,83,534,3,dilution_4.txt,55,420
2020-10-31,15:58:56,107,75,83,534,3,dilution_4.txt,56,421
2020-10-31,15:58:57,105,74,82,534,3,dilution_4.txt,57,422
2020-10-31,15:58:58,104,72,83,534,3,dilution_4.txt,58,423
2020-10-31,15:58:59,105,78,82,534,3,dilution_4.txt,59,424
2020-10-31,15:59:01,105,77,80,534,3,dilution_4.txt,1,426
2020-10-31,15:59:02,103,73,83,534,3,dilution_4.txt,2,427
2020-10-31,15:59:03,104,75,81,534,3,dilution_4.txt,3,428
2020-10-31,15:59:04,104,76,84,534,3,dilution_4.txt,4,429
2020-10-31,15:59:05,104,77,83,534,3,dilution_4.txt,5,430
2020-10-31,15:59:06,105,76,83,534,3,dilution_4.txt,6,431
2020-10-31,15:59:07,104,80,82,534,3,dilution_4.txt,7,432
2020-10-31,15:59:08,105,74,79,534,3,dilution_4.txt,8,433
2020-10-31,15:59:09,105,76,81,534,3,dilution_4.txt,9,434
2020-10-31,16:03:20,77,64,69,535,1,dilution_5.txt,20,0
2020-10-31,16:03:21,74,62,71,535,1,dilution_5.txt,21,1
2020-10-31,16:03:22,79,63,71,535,1,dilution_5.txt,22,2
2020-10-31,16:03:23,75,65,72,534,1,dilution_5.txt,23,3
2020-10-31,16:03:24,75,64,68,534,1,dilution_5.txt,24,4
2020-10-31,16:03:25,76,63,66,534,1,dilution_5.txt,25,5
2020-10-31,16:03:26,76,63,69,534,1,dilution_5.txt,26,6
2020-10-31,16:03:27,78,60,70,534,1,dilution_5.txt,27,7
2020-10-31,16:03:28,73,62,71,534,1,dilution_5.txt,28,8
2020-10-31,16:03:30,77,64,72,534,1,dilution_5.txt,30,10
2020-10-31,16:03:31,73,62,70,534,1,dilution_5.txt,31,11
2020-10-31,16:03:32,77,62,70,534,1,dilution_5.txt,32,12
2020-10-31,16:03:33,76,59,68,534,1,dilution_5.txt,33,13
2020-10-31,16:03:34,77,63,68,534,1,dilution_5.txt,34,14
2020-10-31,16:03:35,75,63,68,534,1,dilution_5.txt,35,15
2020-10-31,16:03:36,74,60,71,533,1,dilution_5.txt,36,16
2020-10-31,16:03:37,73,63,73,533,1,dilution_5.txt,37,17
2020-10-31,16:03:38,77,62,70,533,1,dilution_5.txt,38,18
2020-10-31,16:03:39,74,62,72,533,1,dilution_5.txt,39,19
2020-10-31,16:03:40,76,60,72,533,1,dilution_5.txt,40,20
2020-10-31,16:03:41,77,63,69,533,1,dilution_5.txt,41,21
2020-10-31,16:03:42,74,60,70,533,1,dilution_5.txt,42,22
2020-10-31,16:03:43,73,64,71,533,1,dilution_5.txt,43,23
2020-10-31,16:03:44,74,62,71,533,1,dilution_5.txt,44,24
2020-10-31,16:03:46,78,63,68,533,1,dilution_5.txt,46,26
2020-10-31,16:03:47,74,64,67,533,1,dilution_5.txt,47,27
2020-10-31,16:03:48,76,63,70,533,1,dilution_5.txt,48,28
2020-10-31,16:03:49,74,62,67,533,1,dilution_5.txt,49,29
2020-10-31,16:03:50,77,61,71,533,1,dilution_5.txt,50,30
2020-10-31,16:03:51,74,61,67,533,1,dilution_5.txt,51,31
2020-10-31,16:03:52,81,62,67,533,1,dilution_5.txt,52,32
2020-10-31,16:03:53,74,59,66,533,1,dilution_5.txt,53,33
2020-10-31,16:03:54,78,60,71,533,1,dilution_5.txt,54,34
2020-10-31,16:03:55,79,61,69,533,1,dilution_5.txt,55,35
2020-10-31,16:03:56,80,62,72,533,1,dilution_5.txt,56,36
2020-10-31,16:03:57,77,64,71,533,1,dilution_5.txt,57,37
2020-10-31,16:03:58,75,64,68,533,1,dilution_5.txt,58,38
2020-10-31,16:03:59,74,62,69,533,1,dilution_5.txt,59,39
2020-10-31,16:04:00,73,61,68,533,1,dilution_5.txt,0,40
2020-10-31,16:04:02,77,60,67,533,1,dilution_5.txt,2,42
2020-10-31,16:04:03,76,60,71,533,1,dilution_5.txt,3,43
2020-10-31,16:04:04,78,63,70,533,1,dilution_5.txt,4,44
2020-10-31,16:04:05,76,65,69,533,1,dilution_5.txt,5,45
2020-10-31,16:04:06,75,62,71,533,1,dilution_5.txt,6,46
2020-10-31,16:04:07,77,62,72,533,1,dilution_5.txt,7,47
2020-10-31,16:04:08,74,61,68,533,1,dilution_5.txt,8,48
2020-10-31,16:04:09,74,61,68,533,1,dilution_5.txt,9,49
2020-10-31,16:04:10,77,63,71,533,1,dilution_5.txt,10,50
2020-10-31,16:04:11,79,62,69,533,1,dilution_5.txt,11,51
2020-10-31,16:04:12,75,61,69,533,1,dilution_5.txt,12,52
2020-10-31,16:04:13,74,65,69,533,1,dilution_5.txt,13,53
2020-10-31,16:04:14,75,60,69,532,1,dilution_5.txt,14,54
2020-10-31,16:04:15,74,62,69,533,1,dilution_5.txt,15,55
2020-10-31,16:04:16,78,60,71,533,1,dilution_5.txt,16,56
2020-10-31,16:04:18,76,60,70,533,1,dilution_5.txt,18,58
2020-10-31,16:04:19,75,63,70,533,1,dilution_5.txt,19,59
2020-10-31,16:06:28,77,60,70,535,2,dilution_5.txt,28,188
2020-10-31,16:06:29,77,64,68,535,2,dilution_5.txt,29,189
2020-10-31,16:06:30,78,62,71,535,2,dilution_5.txt,30,190
2020-10-31,16:06:31,75,60,71,535,2,dilution_5.txt,31,191
2020-10-31,16:06:32,76,61,68,535,2,dilution_5.txt,32,192
2020-10-31,16:06:33,76,64,68,534,2,dilution_5.txt,33,193
2020-10-31,16:06:34,75,62,69,535,2,dilution_5.txt,34,194
2020-10-31,16:06:35,77,62,69,535,2,dilution_5.txt,35,195
2020-10-31,16:06:36,76,62,69,534,2,dilution_5.txt,36,196
2020-10-31,16:06:37,76,62,71,534,2,dilution_5.txt,37,197
2020-10-31,16:06:38,76,64,68,534,2,dilution_5.txt,38,198
2020-10-31,16:06:39,75,59,68,534,2,dilution_5.txt,39,199
2020-10-31,16:06:40,74,61,70,534,2,dilution_5.txt,40,200
2020-10-31,16:06:42,75,61,66,534,2,dilution_5.txt,42,202
2020-10-31,16:06:43,73,63,71,534,2,dilution_5.txt,43,203
2020-10-31,16:06:44,76,63,70,534,2,dilution_5.txt,44,204
2020-10-31,16:06:45,75,60,70,534,2,dilution_5.txt,45,205
2020-10-31,16:06:46,74,61,69,534,2,dilution_5.txt,46,206
2020-10-31,16:06:47,76,59,66,534,2,dilution_5.txt,47,207
2020-10-31,16:06:48,78,64,69,534,2,dilution_5.txt,48,208
2020-10-31,16:06:49,79,61,68,534,2,dilution_5.txt,49,209
2020-10-31,16:06:50,75,63,70,534,2,dilution_5.txt,50,210
2020-10-31,16:06:51,75,63,69,534,2,dilution_5.txt,51,211
2020-10-31,16:06:52,76,62,71,534,2,dilution_5.txt,52,212
2020-10-31,16:06:53,76,61,69,534,2,dilution_5.txt,53,213
2020-10-31,16:06:54,74,60,66,533,2,dilution_5.txt,54,214
2020-10-31,16:06:55,79,60,69,534,2,dilution_5.txt,55,215
2020-10-31,16:06:56,75,61,69,534,2,dilution_5.txt,56,216
2020-10-31,16:06:58,76,62,69,534,2,dilution_5.txt,58,218
2020-10-31,16:06:59,75,62,66,533,2,dilution_5.txt,59,219
2020-10-31,16:07:00,78,62,66,534,2,dilution_5.txt,0,220
2020-10-31,16:07:01,76,64,69,534,2,dilution_5.txt,1,221
2020-10-31,16:07:02,76,59,73,533,2,dilution_5.txt,2,222
2020-10-31,16:07:03,76,62,69,534,2,dilution_5.txt,3,223
2020-10-31,16:07:04,76,61,66,533,2,dilution_5.txt,4,224
2020-10-31,16:07:05,78,60,68,533,2,dilution_5.txt,5,225
2020-10-31,16:07:06,75,62,70,533,2,dilution_5.txt,6,226
2020-10-31,16:07:07,75,62,71,533,2,dilution_5.txt,7,227
2020-10-31,16:07:08,79,63,69,533,2,dilution_5.txt,8,228
2020-10-31,16:07:09,80,62,70,533,2,dilution_5.txt,9,229
2020-10-31,16:07:10,78,61,68,533,2,dilution_5.txt,10,230
2020-10-31,16:07:11,75,63,66,533,2,dilution_5.txt,11,231
2020-10-31,16:07:12,77,64,70,533,2,dilution_5.txt,12,232
2020-10-31,16:07:13,74,62,69,533,2,dilution_5.txt,13,233
2020-10-31,16:07:15,76,62,72,533,2,dilution_5.txt,15,235
2020-10-31,16:07:16,77,67,72,533,2,dilution_5.txt,16,236
2020-10-31,16:07:17,78,61,68,533,2,dilution_5.txt,17,237
2020-10-31,16:07:18,79,56,68,533,2,dilution_5.txt,18,238
2020-10-31,16:07:19,76,65,68,533,2,dilution_5.txt,19,239
2020-10-31,16:09:26,79,66,69,536,3,dilution_5.txt,26,366
2020-10-31,16:09:27,78,59,72,536,3,dilution_5.txt,27,367
2020-10-31,16:09:28,77,62,66,535,3,dilution_5.txt,28,368
2020-10-31,16:09:30,75,65,71,535,3,dilution_5.txt,30,370
2020-10-31,16:09:31,80,61,69,535,3,dilution_5.txt,31,371
2020-10-31,16:09:32,76,59,71,535,3,dilution_5.txt,32,372
2020-10-31,16:09:33,74,61,71,535,3,dilution_5.txt,33,373
2020-10-31,16:09:34,76,62,69,535,3,dilution_5.txt,34,374
2020-10-31,16:09:35,74,57,68,535,3,dilution_5.txt,35,375
2020-10-31,16:09:36,74,62,71,534,3,dilution_5.txt,36,376
2020-10-31,16:09:37,73,59,70,535,3,dilution_5.txt,37,377
2020-10-31,16:09:38,75,60,70,535,3,dilution_5.txt,38,378
2020-10-31,16:09:39,74,62,67,534,3,dilution_5.txt,39,379
2020-10-31,16:09:40,76,59,70,534,3,dilution_5.txt,40,380
2020-10-31,16:09:41,74,61,68,534,3,dilution_5.txt,41,381
2020-10-31,16:09:42,76,61,71,534,3,dilution_5.txt,42,382
2020-10-31,16:09:43,76,62,71,534,3,dilution_5.txt,43,383
2020-10-31,16:09:44,74,62,70,534,3,dilution_5.txt,44,384
2020-10-31,16:09:46,75,61,72,534,3,dilution_5.txt,46,386
2020-10-31,16:09:47,75,61,71,534,3,dilution_5.txt,47,387
2020-10-31,16:09:48,78,59,69,534,3,dilution_5.txt,48,388
2020-10-31,16:09:49,75,61,72,534,3,dilution_5.txt,49,389
2020-10-31,16:09:50,76,61,72,534,3,dilution_5.txt,50,390
2020-10-31,16:09:51,74,61,69,534,3,dilution_5.txt,51,391
2020-10-31,16:09:52,76,61,70,534,3,dilution_5.txt,52,392
2020-10-31,16:09:53,73,59,67,534,3,dilution_5.txt,53,393
2020-10-31,16:09:54,76,58,68,534,3,dilution_5.txt,54,394
2020-10-31,16:09:55,78,62,69,534,3,dilution_5.txt,55,395
2020-10-31,16:09:56,78,63,66,534,3,dilution_5.txt,56,396
2020-10-31,16:09:57,73,62,68,534,3,dilution_5.txt,57,397
2020-10-31,16:09:58,76,67,73,534,3,dilution_5.txt,58,398
2020-10-31,16:09:59,74,60,70,534,3,dilution_5.txt,59,399
2020-10-31,16:10:00,78,60,66,533,3,dilution_5.txt,0,400
2020-10-31,16:10:02,76,63,72,534,3,dilution_5.txt,2,402
2020-10-31,16:10:03,76,60,68,534,3,dilution_5.txt,3,403
2020-10-31,16:10:04,75,64,66,533,3,dilution_5.txt,4,404
2020-10-31,16:10:05,78,61,69,533,3,dilution_5.txt,5,405
2020-10-31,16:10:06,76,61,64,534,3,dilution_5.txt,6,406
2020-10-31,16:10:07,75,59,70,533,3,dilution_5.txt,7,407
2020-10-31,16:10:08,75,63,66,534,3,dilution_5.txt,8,408
2020-10-31,16:10:09,77,65,69,533,3,dilution_5.txt,9,409
2020-10-31,16:10:10,74,62,66,533,3,dilution_5.txt,10,410
2020-10-31,16:10:11,75,64,66,533,3,dilution_5.txt,11,411
2020-10-31,16:10:12,74,64,68,533,3,dilution_5.txt,12,412
2020-10-31,16:10:13,78,66,68,533,3,dilution_5.txt,13,413
2020-10-31,16:10:14,73,64,69,533,3,dilution_5.txt,14,414
2020-10-31,16:10:15,75,59,72,533,3,dilution_5.txt,15,415
2020-10-31,16:10:16,76,63,66,533,3,dilution_5.txt,16,416
2020-10-31,16:10:18,75,63,67,533,3,dilution_5.txt,18,418
2020-10-31,16:10:19,77,62,69,533,3,dilution_5.txt,19,419
2020-10-31,16:10:20,78,62,69,533,3,dilution_5.txt,20,420
2020-10-31,16:10:21,76,61,67,533,3,dilution_5.txt,21,421
2020-10-31,16:10:22,76,62,67,533,3,dilution_5.txt,22,422
2020-10-31,16:10:23,78,62,69,533,3,dilution_5.txt,23,423
2020-10-31,16:10:24,78,63,70,533,3,dilution_5.txt,24,424
2020-10-31,16:10:25,74,60,69,533,3,dilution_5.txt,25,425
2020-10-31,16:10:26,76,62,70,533,3,dilution_5.txt,26,426
2020-10-31,16:10:27,75,63,71,533,3,dilution_5.txt,27,427
2020-10-31,16:10:28,77,61,68,533,3,dilution_5.txt,28,428
