strain,replicat_bio,replicate,dil_name,chl_real,dc_zero_e440,dc_zero_e470,dc_zero_e532,estimate_e440,estimate_e470,estimate_e532,d470_d440,d532_d440,taxa
PCC9511,A,1,dilution_0,27.266000000000005,254.07142857142858,136.82142857142858,0.9285714285714286,0.10855335805965563,0.20258247911888574,7.412930314752958,1.866201863672944,68.28835558158572,Proch
PCC9511,A,2,dilution_0,27.266000000000005,252.7159090909091,135.1681818181818,1.018181818181818,0.10855335805965563,0.20258247911888574,7.412930314752958,1.866201863672944,68.28835558158572,Proch
PCC9511,A,3,dilution_0,27.266000000000005,250.89423076923077,135.09615384615384,1.2564102564102564,0.10855335805965563,0.20258247911888574,7.412930314752958,1.866201863672944,68.28835558158572,Proch
PCC9511,A,1,dilution_1,5.453200000000001,42.36184210526316,18.38157894736842,1.5614035087719298,0.10855335805965563,0.20258247911888574,7.412930314752958,1.866201863672944,68.28835558158572,Proch
PCC9511,A,2,dilution_1,5.453200000000001,41.47405660377358,17.995283018867923,1.8679245283018868,0.10855335805965563,0.20258247911888574,7.412930314752958,1.866201863672944,68.28835558158572,Proch
PCC9511,A,3,dilution_1,5.453200000000001,40.642857142857146,17.982142857142858,2.4642857142857144,0.10855335805965563,0.20258247911888574,7.412930314752958,1.866201863672944,68.28835558158572,Proch
PCC9511,A,1,dilution_2,0.2723876123876124,5.571428571428571,4.267857142857143,-0.5714285714285714,0.10855335805965563,0.20258247911888574,7.412930314752958,1.866201863672944,68.28835558158572,Proch
PCC9511,A,3,dilution_2,0.2723876123876124,5.3977272727272725,4.568181818181818,-0.5227272727272727,0.10855335805965563,0.20258247911888574,7.412930314752958,1.866201863672944,68.28835558158572,Proch
PCC9511,B,1,dilution_1,5.05262155,230.39285714285714,134.08928571428572,9.464285714285714,0.021928013972472328,0.03763802993610427,0.508076405382533,1.7164358789333931,23.17019708307166,Proch
PCC9511,B,2,dilution_1,5.05262155,227.82738095238093,133.06084656084656,10.032407407407407,0.021928013972472328,0.03763802993610427,0.508076405382533,1.7164358789333931,23.17019708307166,Proch
PCC9511,B,3,dilution_1,5.05262155,227.42445054945054,133.32967032967034,9.927197802197803,0.021928013972472328,0.03763802993610427,0.508076405382533,1.7164358789333931,23.17019708307166,Proch
PCC9511,B,1,dilution_2,1.0637098,55.529135338345874,31.541353383458645,-0.38377192982456143,0.021928013972472328,0.03763802993610427,0.508076405382533,1.7164358789333931,23.17019708307166,Proch
PCC9511,B,2,dilution_2,1.0637098,56.43849206349207,31.65343915343915,-0.4861111111111111,0.021928013972472328,0.03763802993610427,0.508076405382533,1.7164358789333931,23.17019708307166,Proch
PCC9511,B,3,dilution_2,1.0637098,56.31944444444445,31.111111111111107,-0.6051587301587301,0.021928013972472328,0.03763802993610427,0.508076405382533,1.7164358789333931,23.17019708307166,Proch
PCC9511,C,1,dilution_1,5.234686020000001,256.38157894736844,142.39254385964912,0.541979949874691,0.020140571011280365,0.03671117767488791,2.553635704390994,1.8227476100020525,126.79063085950986,Proch
PCC9511,C,2,dilution_1,5.234686020000001,255.86562150055994,142.23030981709593,0.47891004106010127,0.020140571011280365,0.03671117767488791,2.553635704390994,1.8227476100020525,126.79063085950986,Proch
PCC9511,C,3,dilution_1,5.234686020000001,256.15538847117796,142.71595655806183,0.5062656641604052,0.020140571011280365,0.03671117767488791,2.553635704390994,1.8227476100020525,126.79063085950986,Proch
PCC9511,C,1,dilution_2,1.16326356,74.34586466165413,32.91040100250627,-0.8687343358395948,0.020140571011280365,0.03671117767488791,2.553635704390994,1.8227476100020525,126.79063085950986,Proch
PCC9511,C,2,dilution_2,1.16326356,73.87070938215103,32.36536994660565,-0.8726163234172345,0.020140571011280365,0.03671117767488791,2.553635704390994,1.8227476100020525,126.79063085950986,Proch
PCC9511,C,3,dilution_2,1.16326356,65.06794258373206,31.67208931419458,-0.07814992025517918,0.020140571011280365,0.03671117767488791,2.553635704390994,1.8227476100020525,126.79063085950986,Proch
RCC100,A,1,dilution_1,4.959923990999999,1003.9285714285714,1409.2857142857144,98.80357142857143,0.004937725536083298,0.003500565377018932,0.04985762566709849,0.708942883001077,10.097285744773604,Pelagophyte
RCC100,A,2,dilution_1,4.959923990999999,1001.7399068322982,1407.1327639751553,98.52562111801242,0.004937725536083298,0.003500565377018932,0.04985762566709849,0.708942883001077,10.097285744773604,Pelagophyte
RCC100,A,3,dilution_1,4.959923990999999,1006.4553571428571,1416.857142857143,99.19642857142857,0.004937725536083298,0.003500565377018932,0.04985762566709849,0.708942883001077,10.097285744773604,Pelagophyte
RCC100,A,1,dilution_2,0.9018043619999998,184.74999999999997,277.4821428571429,13.982142857142861,0.004937725536083298,0.003500565377018932,0.04985762566709849,0.708942883001077,10.097285744773604,Pelagophyte
RCC100,A,2,dilution_2,0.9018043619999998,183.6418831168831,276.90746753246754,14.118506493506498,0.004937725536083298,0.003500565377018932,0.04985762566709849,0.708942883001077,10.097285744773604,Pelagophyte
RCC100,A,3,dilution_2,0.9018043619999998,184.08239348370927,277.73840852130326,14.517230576441106,0.004937725536083298,0.003500565377018932,0.04985762566709849,0.708942883001077,10.097285744773604,Pelagophyte
RCC100,A,1,dilution_3,0.4509021809999999,92.16071428571428,147.21428571428572,9.714285714285719,0.004937725536083298,0.003500565377018932,0.04985762566709849,0.708942883001077,10.097285744773604,Pelagophyte
RCC100,A,2,dilution_3,0.4509021809999999,90.125,145.92857142857144,9.000000000000004,0.004937725536083298,0.003500565377018932,0.04985762566709849,0.708942883001077,10.097285744773604,Pelagophyte
RCC100,A,3,dilution_3,0.4509021809999999,89.80551948051948,145.94383116883117,8.90032467532468,0.004937725536083298,0.003500565377018932,0.04985762566709849,0.708942883001077,10.097285744773604,Pelagophyte
RCC100,A,1,dilution_4,0.09018043619999999,-8.196428571428573,29.571428571428566,11.875000000000004,0.004937725536083298,0.003500565377018932,0.04985762566709849,0.708942883001077,10.097285744773604,Pelagophyte
RCC100,A,2,dilution_4,0.09018043619999999,-8.339935064935068,30.052922077922073,11.973051948051951,0.004937725536083298,0.003500565377018932,0.04985762566709849,0.708942883001077,10.097285744773604,Pelagophyte
RCC100,A,3,dilution_4,0.09018043619999999,-8.926020408163268,29.477040816326525,11.369897959183678,0.004937725536083298,0.003500565377018932,0.04985762566709849,0.708942883001077,10.097285744773604,Pelagophyte
RCC100,B,1,dilution_1,5.015525360450002,1040.6428571428573,1444.982142857143,86.01785714285715,0.004810832084526824,0.003445850950455502,0.05729349362696235,0.7162692211890873,11.909269045418684,Pelagophyte
RCC100,B,2,dilution_1,5.015525360450002,1038.328007518797,1446.141917293233,85.71898496240603,0.004810832084526824,0.003445850950455502,0.05729349362696235,0.7162692211890873,11.909269045418684,Pelagophyte
RCC100,B,3,dilution_1,5.015525360450002,1037.270199063232,1447.8105971896957,85.31820843091336,0.004810832084526824,0.003445850950455502,0.05729349362696235,0.7162692211890873,11.909269045418684,Pelagophyte
RCC100,B,1,dilution_2,0.9119137019000002,199.55357142857142,293.5,23.142857142857146,0.004810832084526824,0.003445850950455502,0.05729349362696235,0.7162692211890873,11.909269045418684,Pelagophyte
RCC100,B,2,dilution_2,0.9119137019000002,198.45642857142855,293.68928571428575,22.68214285714286,0.004810832084526824,0.003445850950455502,0.05729349362696235,0.7162692211890873,11.909269045418684,Pelagophyte
RCC100,B,3,dilution_2,0.9119137019000002,197.30248917748915,293.2711038961039,22.497294372294377,0.004810832084526824,0.003445850950455502,0.05729349362696235,0.7162692211890873,11.909269045418684,Pelagophyte
RCC100,B,1,dilution_3,0.4559568509500001,114.64285714285714,162.2857142857143,7.607142857142861,0.004810832084526824,0.003445850950455502,0.05729349362696235,0.7162692211890873,11.909269045418684,Pelagophyte
RCC100,B,2,dilution_3,0.4559568509500001,114.50412087912088,162.1662087912088,8.116758241758246,0.004810832084526824,0.003445850950455502,0.05729349362696235,0.7162692211890873,11.909269045418684,Pelagophyte
RCC100,B,3,dilution_3,0.4559568509500001,114.96309523809524,161.32261904761904,7.982142857142861,0.004810832084526824,0.003445850950455502,0.05729349362696235,0.7162692211890873,11.909269045418684,Pelagophyte
RCC100,B,1,dilution_4,0.09110026992007994,9.26785714285714,29.089285714285708,0.4821428571428612,0.004810832084526824,0.003445850950455502,0.05729349362696235,0.7162692211890873,11.909269045418684,Pelagophyte
RCC100,B,2,dilution_4,0.09110026992007994,7.628246753246751,29.04383116883116,0.5048701298701339,0.004810832084526824,0.003445850950455502,0.05729349362696235,0.7162692211890873,11.909269045418684,Pelagophyte
RCC100,B,3,dilution_4,0.09110026992007994,7.7327922077922056,29.143831168831163,0.6457792207792249,0.004810832084526824,0.003445850950455502,0.05729349362696235,0.7162692211890873,11.909269045418684,Pelagophyte
RCC100,B,1,dilution_5,0.04557289864567717,2.8894110275689204,12.369987468671674,-1.2897869674185423,0.004810832084526824,0.003445850950455502,0.05729349362696235,0.7162692211890873,11.909269045418684,Pelagophyte
RCC100,B,2,dilution_5,0.04557289864567717,1.8055194805194785,12.362012987012982,-1.5724025974025932,0.004810832084526824,0.003445850950455502,0.05729349362696235,0.7162692211890873,11.909269045418684,Pelagophyte
RCC100,B,3,dilution_5,0.04557289864567717,1.550974025974024,12.143831168831163,-1.7724025974025934,0.004810832084526824,0.003445850950455502,0.05729349362696235,0.7162692211890873,11.909269045418684,Pelagophyte
RCC100,C,1,dilution_0,17.30889985,3249.910714285714,4073.25,269.19642857142856,0.005268299485463525,0.004192984138651673,0.06384941082197589,0.7958894801294233,12.11954844217786,Pelagophyte
RCC100,C,2,dilution_0,17.30889985,3266.561507936508,4073.25,270.11031746031745,0.005268299485463525,0.004192984138651673,0.06384941082197589,0.7958894801294233,12.11954844217786,Pelagophyte
RCC100,C,3,dilution_0,17.30889985,3259.9285714285716,4073.0178571428573,269.8392857142857,0.005268299485463525,0.004192984138651673,0.06384941082197589,0.7958894801294233,12.11954844217786,Pelagophyte
RCC100,C,1,dilution_1,3.5404567874999997,808.7678571428571,1079.4285714285713,59.94642857142857,0.005268299485463525,0.004192984138651673,0.06384941082197589,0.7958894801294233,12.11954844217786,Pelagophyte
RCC100,C,2,dilution_1,3.5404567874999997,746.0373989218328,1004.816037735849,57.80256064690027,0.005268299485463525,0.004192984138651673,0.06384941082197589,0.7958894801294233,12.11954844217786,Pelagophyte
RCC100,C,3,dilution_1,3.5404567874999997,738.7252506265663,999.8991228070175,57.92669172932331,0.005268299485463525,0.004192984138651673,0.06384941082197589,0.7958894801294233,12.11954844217786,Pelagophyte
RCC100,C,1,dilution_2,1.1801522625,276.19642857142856,368.23214285714283,17.785714285714285,0.005268299485463525,0.004192984138651673,0.06384941082197589,0.7958894801294233,12.11954844217786,Pelagophyte
RCC100,C,2,dilution_2,1.1801522625,274.16537267080747,366.70652173913044,18.25621118012422,0.005268299485463525,0.004192984138651673,0.06384941082197589,0.7958894801294233,12.11954844217786,Pelagophyte
RCC100,C,3,dilution_2,1.1801522625,273.9642857142857,367.01785714285717,18.410714285714285,0.005268299485463525,0.004192984138651673,0.06384941082197589,0.7958894801294233,12.11954844217786,Pelagophyte
RCC100,C,1,dilution_3,0.3933840875,66.30357142857142,108.92857142857143,-0.44642857142857345,0.005268299485463525,0.004192984138651673,0.06384941082197589,0.7958894801294233,12.11954844217786,Pelagophyte
RCC100,C,2,dilution_3,0.3933840875,66.75746753246753,108.35909090909091,-0.6512987012987034,0.005268299485463525,0.004192984138651673,0.06384941082197589,0.7958894801294233,12.11954844217786,Pelagophyte
RCC100,C,3,dilution_3,0.3933840875,67.27579365079364,108.90079365079364,-0.4642857142857163,0.005268299485463525,0.004192984138651673,0.06384941082197589,0.7958894801294233,12.11954844217786,Pelagophyte
RCC100,C,1,dilution_4,0.07859821928071928,22.499999999999993,27.321428571428573,13.678571428571427,0.005268299485463525,0.004192984138651673,0.06384941082197589,0.7958894801294233,12.11954844217786,Pelagophyte
RCC100,C,2,dilution_4,0.07859821928071928,21.852106227106223,27.583333333333332,13.539377289377287,0.005268299485463525,0.004192984138651673,0.06384941082197589,0.7958894801294233,12.11954844217786,Pelagophyte
RCC100,C,3,dilution_4,0.07859821928071928,21.97086466165413,26.95175438596491,13.558270676691727,0.005268299485463525,0.004192984138651673,0.06384941082197589,0.7958894801294233,12.11954844217786,Pelagophyte
RCC100,C,1,dilution_5,0.039318749375312344,72.55357142857142,11.178571428571429,-7.785714285714287,0.005268299485463525,0.004192984138651673,0.06384941082197589,0.7958894801294233,12.11954844217786,Pelagophyte
RCC100,C,2,dilution_5,0.039318749375312344,13.23214285714285,12.571428571428571,0.8928571428571408,0.005268299485463525,0.004192984138651673,0.06384941082197589,0.7958894801294233,12.11954844217786,Pelagophyte
RCC100,C,3,dilution_5,0.039318749375312344,13.865601503759393,12.916666666666666,0.7863408521303238,0.005268299485463525,0.004192984138651673,0.06384941082197589,0.7958894801294233,12.11954844217786,Pelagophyte
RCC156,A,1,dilution_1,5.016575700000001,176.01785714285714,161.7142857142857,3.499999999999998,0.02843316538625795,0.03098496264411285,0.5823175808012001,1.0897472097527423,20.48022346054514,Proch
RCC156,A,2,dilution_1,5.016575700000001,177.2,161.36233766233764,3.6623376623376602,0.02843316538625795,0.03098496264411285,0.5823175808012001,1.0897472097527423,20.48022346054514,Proch
RCC156,A,3,dilution_1,5.016575700000001,176.65882352941176,161.54201680672267,3.5596638655462165,0.02843316538625795,0.03098496264411285,0.5823175808012001,1.0897472097527423,20.48022346054514,Proch
RCC156,A,1,dilution_2,1.0561212,24.92982456140351,35.14160401002506,-0.25313283208020254,0.02843316538625795,0.03098496264411285,0.5823175808012001,1.0897472097527423,20.48022346054514,Proch
RCC156,A,2,dilution_2,1.0561212,23.70909090909091,35.198701298701295,0.1714285714285694,0.02843316538625795,0.03098496264411285,0.5823175808012001,1.0897472097527423,20.48022346054514,Proch
RCC156,A,3,dilution_2,1.0561212,23.867924528301888,35.48652291105121,0.307277628032343,0.02843316538625795,0.03098496264411285,0.5823175808012001,1.0897472097527423,20.48022346054514,Proch
RCC156,A,1,dilution_3,0.2640303,18.071428571428573,8.678571428571427,2.999999999999998,0.02843316538625795,0.03098496264411285,0.5823175808012001,1.0897472097527423,20.48022346054514,Proch
RCC156,A,2,dilution_3,0.2640303,17.826923076923077,8.975274725274723,3.032967032967031,0.02843316538625795,0.03098496264411285,0.5823175808012001,1.0897472097527423,20.48022346054514,Proch
RCC156,A,3,dilution_3,0.2640303,17.448979591836736,8.765306122448978,2.8163265306122427,0.02843316538625795,0.03098496264411285,0.5823175808012001,1.0897472097527423,20.48022346054514,Proch
RCC156,A,1,dilution_4,0.13201515,13.785714285714286,6.499999999999998,3.339285714285712,0.02843316538625795,0.03098496264411285,0.5823175808012001,1.0897472097527423,20.48022346054514,Proch
RCC156,A,2,dilution_4,0.13201515,13.854545454545455,6.507792207792206,3.1896103896103876,0.02843316538625795,0.03098496264411285,0.5823175808012001,1.0897472097527423,20.48022346054514,Proch
RCC156,A,3,dilution_4,0.13201515,13.73469387755102,6.43877551020408,3.3877551020408143,0.02843316538625795,0.03098496264411285,0.5823175808012001,1.0897472097527423,20.48022346054514,Proch
RCC156,A,1,dilution_5,0.02637665334665335,-1.2857142857142858,0.46428571428571225,-0.44642857142857345,0.02843316538625795,0.03098496264411285,0.5823175808012001,1.0897472097527423,20.48022346054514,Proch
RCC156,A,2,dilution_5,0.02637665334665335,-0.9523809523809523,0.5952380952380932,-0.6666666666666687,0.02843316538625795,0.03098496264411285,0.5823175808012001,1.0897472097527423,20.48022346054514,Proch
RCC156,A,3,dilution_5,0.02637665334665335,-0.6567164179104478,0.47441364605543507,-0.9211087420042664,0.02843316538625795,0.03098496264411285,0.5823175808012001,1.0897472097527423,20.48022346054514,Proch
RCC156,B,1,dilution_1,6.05883704,160.53266787658802,146.27283726557772,8.34633998790079,0.0366842906664991,0.041257235982895595,0.21304428926336205,1.124656773602893,5.807507393291886,Proch
RCC156,B,3,dilution_1,6.05883704,161.65335753176043,146.6521476104053,7.984271022383547,0.0366842906664991,0.041257235982895595,0.21304428926336205,1.124656773602893,5.807507393291886,Proch
RCC156,B,1,dilution_2,0.9566584800000001,35.504906333630686,18.705917335712158,-2.2173654475170954,0.0366842906664991,0.041257235982895595,0.21304428926336205,1.124656773602893,5.807507393291886,Proch
RCC156,B,2,dilution_2,0.9566584800000001,35.126879699248114,18.431704260651625,-2.447994987468669,0.0366842906664991,0.041257235982895595,0.21304428926336205,1.124656773602893,5.807507393291886,Proch
RCC156,B,3,dilution_2,0.9566584800000001,37.76059050064185,17.934317501069742,-3.0952075310226763,0.0366842906664991,0.041257235982895595,0.21304428926336205,1.124656773602893,5.807507393291886,Proch
RCC156,B,1,dilution_3,0.31888616000000003,3.0843920145190533,-1.8995765275257157,5.8118572292801,0.0366842906664991,0.041257235982895595,0.21304428926336205,1.124656773602893,5.807507393291886,Proch
RCC156,B,2,dilution_3,0.31888616000000003,3.780451127819546,-1.9468671679198044,5.544862155388474,0.0366842906664991,0.041257235982895595,0.21304428926336205,1.124656773602893,5.807507393291886,Proch
RCC156,B,3,dilution_3,0.31888616000000003,4.5789473684210495,-2.0964912280701804,5.929824561403511,0.0366842906664991,0.041257235982895595,0.21304428926336205,1.124656773602893,5.807507393291886,Proch
RCC156,B,1,dilution_4,0.15944308000000001,-3.8849241748438925,-8.005947071067505,-4.759738328873028,0.0366842906664991,0.041257235982895595,0.21304428926336205,1.124656773602893,5.807507393291886,Proch
RCC156,B,2,dilution_4,0.15944308000000001,-4.001096491228073,-8.008771929824567,-5.07894736842105,0.0366842906664991,0.041257235982895595,0.21304428926336205,1.124656773602893,5.807507393291886,Proch
RCC156,B,3,dilution_4,0.15944308000000001,-4.081453634085216,-8.318295739348375,-4.864661654135336,0.0366842906664991,0.041257235982895595,0.21304428926336205,1.124656773602893,5.807507393291886,Proch
RCC156,B,1,dilution_5,0.06364993213572855,-6.495093666369316,-2.311031816830216,-6.166517989889977,0.0366842906664991,0.041257235982895595,0.21304428926336205,1.124656773602893,5.807507393291886,Proch
RCC156,B,2,dilution_5,0.06364993213572855,-7.084429824561407,-2.7587719298245665,-6.0581140350877165,0.0366842906664991,0.041257235982895595,0.21304428926336205,1.124656773602893,5.807507393291886,Proch
RCC156,B,3,dilution_5,0.06364993213572855,-6.634674922600622,-2.587203302373586,-6.206398348813207,0.0366842906664991,0.041257235982895595,0.21304428926336205,1.124656773602893,5.807507393291886,Proch
RCC156,C,1,dilution_1,4.854481799999999,171.03571428571428,178.42857142857142,4.374999999999998,0.02683947012405592,0.02698246528779997,0.09008283503971547,1.0053277938455232,3.3563566874956754,Proch
RCC156,C,2,dilution_1,4.854481799999999,170.5818181818182,178.14415584415582,3.5714285714285694,0.02683947012405592,0.02698246528779997,0.09008283503971547,1.0053277938455232,3.3563566874956754,Proch
RCC156,C,3,dilution_1,4.854481799999999,170.94117647058823,178.50280112044817,3.9439775910364125,0.02683947012405592,0.02698246528779997,0.09008283503971547,1.0053277938455232,3.3563566874956754,Proch
RCC156,C,1,dilution_2,0.97089636,49.94642857142857,36.26785714285714,13.535714285714283,0.02683947012405592,0.02698246528779997,0.09008283503971547,1.0053277938455232,3.3563566874956754,Proch
RCC156,C,2,dilution_2,0.97089636,50.07272727272727,36.21688311688312,13.607792207792206,0.02683947012405592,0.02698246528779997,0.09008283503971547,1.0053277938455232,3.3563566874956754,Proch
RCC156,C,3,dilution_2,0.97089636,50.31578947368421,37.159147869674186,13.553884711779446,0.02683947012405592,0.02698246528779997,0.09008283503971547,1.0053277938455232,3.3563566874956754,Proch
RCC156,C,1,dilution_3,0.24272409,12.403508771929825,8.931077694235587,5.694235588972429,0.02683947012405592,0.02698246528779997,0.09008283503971547,1.0053277938455232,3.3563566874956754,Proch
RCC156,C,2,dilution_3,0.24272409,11.941176470588236,8.443977591036413,6.140056022408961,0.02683947012405592,0.02698246528779997,0.09008283503971547,1.0053277938455232,3.3563566874956754,Proch
RCC156,C,3,dilution_3,0.24272409,11.75,9.44642857142857,5.296428571428569,0.02683947012405592,0.02698246528779997,0.09008283503971547,1.0053277938455232,3.3563566874956754,Proch
RCC156,C,1,dilution_4,0.121362045,29.839285714285715,16.535714285714285,12.910714285714283,0.02683947012405592,0.02698246528779997,0.09008283503971547,1.0053277938455232,3.3563566874956754,Proch
RCC156,C,2,dilution_4,0.121362045,30.08,17.17142857142857,12.33142857142857,0.02683947012405592,0.02698246528779997,0.09008283503971547,1.0053277938455232,3.3563566874956754,Proch
RCC156,C,3,dilution_4,0.121362045,29.842105263157894,16.492481203007518,12.501253132832078,0.02683947012405592,0.02698246528779997,0.09008283503971547,1.0053277938455232,3.3563566874956754,Proch
RCC156,C,1,dilution_5,0.04844792215568862,19.49122807017544,8.580200501253131,-0.7969924812030096,0.02683947012405592,0.02698246528779997,0.09008283503971547,1.0053277938455232,3.3563566874956754,Proch
RCC156,C,2,dilution_5,0.04844792215568862,15.26923076923077,8.206043956043954,-0.5247252747252767,0.02683947012405592,0.02698246528779997,0.09008283503971547,1.0053277938455232,3.3563566874956754,Proch
RCC156,C,3,dilution_5,0.04844792215568862,11,7.629120879120877,-1.1785714285714306,0.02683947012405592,0.02698246528779997,0.09008283503971547,1.0053277938455232,3.3563566874956754,Proch
RCC1717,A,1,dilution_1,5.5649958,164.05357142857144,199.07142857142856,6.357142857142853,0.0292700512880782,0.024680661816628497,0.09473548492670546,0.8432052808421632,3.2366012616210065,Diatom
RCC1717,A,2,dilution_1,5.5649958,164.45833333333334,199.5892857142857,6.77380952380952,0.0292700512880782,0.024680661816628497,0.09473548492670546,0.8432052808421632,3.2366012616210065,Diatom
RCC1717,A,3,dilution_1,5.5649958,162.76655844155846,197.67370129870127,6.583766233766229,0.0292700512880782,0.024680661816628497,0.09473548492670546,0.8432052808421632,3.2366012616210065,Diatom
RCC1717,A,1,dilution_2,0.7949994000000001,48.39285714285714,71.71428571428571,-5.553571428571432,0.0292700512880782,0.024680661816628497,0.09473548492670546,0.8432052808421632,3.2366012616210065,Diatom
RCC1717,A,2,dilution_2,0.7949994000000001,46.91201298701298,70.05551948051948,-6.143506493506497,0.0292700512880782,0.024680661816628497,0.09473548492670546,0.8432052808421632,3.2366012616210065,Diatom
RCC1717,A,3,dilution_2,0.7949994000000001,49.312012987012984,74.11006493506493,-6.143506493506497,0.0292700512880782,0.024680661816628497,0.09473548492670546,0.8432052808421632,3.2366012616210065,Diatom
RCC1717,A,1,dilution_3,0.39749970000000007,63.482142857142854,35.26785714285714,-3.017857142857147,0.0292700512880782,0.024680661816628497,0.09473548492670546,0.8432052808421632,3.2366012616210065,Diatom
RCC1717,A,2,dilution_3,0.39749970000000007,64.16655844155844,35.782792207792205,-3.198051948051952,0.0292700512880782,0.024680661816628497,0.09473548492670546,0.8432052808421632,3.2366012616210065,Diatom
RCC1717,A,3,dilution_3,0.39749970000000007,62.43928571428571,34.34642857142857,-3.373809523809528,0.0292700512880782,0.024680661816628497,0.09473548492670546,0.8432052808421632,3.2366012616210065,Diatom
RCC1717,A,1,dilution_4,0.0794205194805195,12.734022556390972,9.5078320802005,-14.054511278195493,0.0292700512880782,0.024680661816628497,0.09473548492670546,0.8432052808421632,3.2366012616210065,Diatom
RCC1717,A,2,dilution_4,0.0794205194805195,12.642857142857137,9.910714285714283,-14.28571428571429,0.0292700512880782,0.024680661816628497,0.09473548492670546,0.8432052808421632,3.2366012616210065,Diatom
RCC1717,A,3,dilution_4,0.0794205194805195,12.78571428571428,10.607142857142856,-14.250000000000004,0.0292700512880782,0.024680661816628497,0.09473548492670546,0.8432052808421632,3.2366012616210065,Diatom
RCC1717,A,1,dilution_5,0.03973010494752624,4.196428571428565,40.75,-5.339285714285718,0.0292700512880782,0.024680661816628497,0.09473548492670546,0.8432052808421632,3.2366012616210065,Diatom
RCC1717,A,2,dilution_5,0.03973010494752624,5.196428571428565,42.589285714285715,-3.982142857142861,0.0292700512880782,0.024680661816628497,0.09473548492670546,0.8432052808421632,3.2366012616210065,Diatom
RCC1717,A,3,dilution_5,0.03973010494752624,5.922619047619041,43.01309523809524,-3.373809523809528,0.0292700512880782,0.024680661816628497,0.09473548492670546,0.8432052808421632,3.2366012616210065,Diatom
RCC1717,B,1,dilution_1,5.1467640861,395.66071428571433,457.98214285714283,50.660714285714285,0.013409801506396736,0.01187138508763128,0.10763731601613549,0.8852767195672806,8.026764301081593,Diatom
RCC1717,B,2,dilution_1,5.1467640861,399.7662337662338,450.9237012987013,48.02045454545455,0.013409801506396736,0.01187138508763128,0.10763731601613549,0.8852767195672806,8.026764301081593,Diatom
RCC1717,B,3,dilution_1,5.1467640861,365.0571428571429,400.36006493506494,45.820454545454545,0.013409801506396736,0.01187138508763128,0.10763731601613549,0.8852767195672806,8.026764301081593,Diatom
RCC1717,B,1,dilution_2,1.4705040245999998,96.23214285714286,107.05357142857143,6.785714285714286,0.013409801506396736,0.01187138508763128,0.10763731601613549,0.8852767195672806,8.026764301081593,Diatom
RCC1717,B,2,dilution_2,1.4705040245999998,94.91483516483517,106.13873626373626,6.355769230769231,0.013409801506396736,0.01187138508763128,0.10763731601613549,0.8852767195672806,8.026764301081593,Diatom
RCC1717,B,3,dilution_2,1.4705040245999998,93.98214285714286,105.96428571428571,7.160714285714286,0.013409801506396736,0.01187138508763128,0.10763731601613549,0.8852767195672806,8.026764301081593,Diatom
RCC1717,B,1,dilution_3,0.36762600614999996,18.85714285714286,28.21428571428571,3.5535714285714284,0.013409801506396736,0.01187138508763128,0.10763731601613549,0.8852767195672806,8.026764301081593,Diatom
RCC1717,B,2,dilution_3,0.36762600614999996,18.272237196765502,27.78133423180593,3.214622641509434,0.013409801506396736,0.01187138508763128,0.10763731601613549,0.8852767195672806,8.026764301081593,Diatom
RCC1717,B,3,dilution_3,0.36762600614999996,18.719211822660103,27.334359605911327,2.978448275862069,0.013409801506396736,0.01187138508763128,0.10763731601613549,0.8852767195672806,8.026764301081593,Diatom
RCC1717,B,1,dilution_4,0.07345174948051947,18.196428571428577,9.357142857142856,-4.589285714285714,0.013409801506396736,0.01187138508763128,0.10763731601613549,0.8852767195672806,8.026764301081593,Diatom
RCC1717,B,2,dilution_4,0.07345174948051947,13.597142857142861,8.976428571428569,-4.705,0.013409801506396736,0.01187138508763128,0.10763731601613549,0.8852767195672806,8.026764301081593,Diatom
RCC1717,B,3,dilution_4,0.07345174948051947,12.448051948051953,11.014610389610388,-4.715909090909091,0.013409801506396736,0.01187138508763128,0.10763731601613549,0.8852767195672806,8.026764301081593,Diatom
RCC1717,B,1,dilution_5,0.03674422850074962,0.06766917293233489,1.792919799498745,-0.9320175438596491,0.013409801506396736,0.01187138508763128,0.10763731601613549,0.8852767195672806,8.026764301081593,Diatom
RCC1717,B,2,dilution_5,0.03674422850074962,0.06084656084656491,1.1038359788359768,-0.7916666666666666,0.013409801506396736,0.01187138508763128,0.10763731601613549,0.8852767195672806,8.026764301081593,Diatom
RCC1717,B,3,dilution_5,0.03674422850074962,-0.4761904761904721,1.5505952380952361,-1.0625,0.013409801506396736,0.01187138508763128,0.10763731601613549,0.8852767195672806,8.026764301081593,Diatom
RCC1717,C,1,dilution_1,4.811981274,618.9874686716793,759.5416666666666,95.9702380952381,0.007790430285113881,0.006343741838228782,0.050023708248357925,0.8142992884937996,6.42117398110144,Diatom
RCC1717,C,2,dilution_1,4.811981274,617.9958720330237,756.4117647058823,94.88235294117648,0.007790430285113881,0.006343741838228782,0.050023708248357925,0.8142992884937996,6.42117398110144,Diatom
RCC1717,C,3,dilution_1,4.811981274,618.2731829573935,757.2916666666666,95.91666666666667,0.007790430285113881,0.006343741838228782,0.050023708248357925,0.8142992884937996,6.42117398110144,Diatom
RCC1717,C,1,dilution_2,0.801996879,95.11993620414674,128.23030303030305,19.86666666666667,0.007790430285113881,0.006343741838228782,0.050023708248357925,0.8142992884937996,6.42117398110144,Diatom
RCC1717,C,2,dilution_2,0.801996879,96.40763673890609,128.9607843137255,19.37254901960785,0.007790430285113881,0.006343741838228782,0.050023708248357925,0.8142992884937996,6.42117398110144,Diatom
RCC1717,C,3,dilution_2,0.801996879,95.82456140350878,128.2280701754386,19.894736842105267,0.007790430285113881,0.006343741838228782,0.050023708248357925,0.8142992884937996,6.42117398110144,Diatom
RCC1717,C,1,dilution_3,0.4009984395,54.88032581453635,67.3452380952381,5.202380952380957,0.007790430285113881,0.006343741838228782,0.050023708248357925,0.8142992884937996,6.42117398110144,Diatom
RCC1717,C,2,dilution_3,0.4009984395,52.969611528822064,67.61309523809524,5.148809523809528,0.007790430285113881,0.006343741838228782,0.050023708248357925,0.8142992884937996,6.42117398110144,Diatom
RCC1717,C,3,dilution_3,0.4009984395,52.535087719298254,67.35185185185186,5.425925925925931,0.007790430285113881,0.006343741838228782,0.050023708248357925,0.8142992884937996,6.42117398110144,Diatom
RCC1717,C,1,dilution_4,0.08003960868263472,-5.066102756892225,16.130952380952387,1.3809523809523856,0.007790430285113881,0.006343741838228782,0.050023708248357925,0.8142992884937996,6.42117398110144,Diatom
RCC1717,C,2,dilution_4,0.08003960868263472,-5.532288167226572,14.964539007092203,1.0921985815602884,0.007790430285113881,0.006343741838228782,0.050023708248357925,0.8142992884937996,6.42117398110144,Diatom
RCC1717,C,3,dilution_4,0.08003960868263472,-5.872319688109156,15.277777777777782,1.1481481481481528,0.007790430285113881,0.006343741838228782,0.050023708248357925,0.8142992884937996,6.42117398110144,Diatom
RCC1717,C,1,dilution_5,0.04005978416583417,9.058897243107776,6.988095238095243,0.2559523809523857,0.007790430285113881,0.006343741838228782,0.050023708248357925,0.8142992884937996,6.42117398110144,Diatom
RCC1717,C,2,dilution_5,0.04005978416583417,8.487468671679204,6.952380952380957,0.4523809523809571,0.007790430285113881,0.006343741838228782,0.050023708248357925,0.8142992884937996,6.42117398110144,Diatom
RCC1717,C,3,dilution_5,0.04005978416583417,9.201754385964918,7.31884057971015,0.7101449275362366,0.007790430285113881,0.006343741838228782,0.050023708248357925,0.8142992884937996,6.42117398110144,Diatom
RCC2319,A,1,dilution_1,5.017600000000001,77.5,221.625,115,0.0505680699745823,0.022624967116581303,0.032231882698399966,0.44741606962562724,0.6373959440137048,Syn
RCC2319,A,2,dilution_1,5.017600000000001,76.78571428571429,216.80357142857144,113.83928571428572,0.0505680699745823,0.022624967116581303,0.032231882698399966,0.44741606962562724,0.6373959440137048,Syn
RCC2319,A,3,dilution_1,5.017600000000001,76.46428571428572,216.64285714285714,113.17857142857143,0.0505680699745823,0.022624967116581303,0.032231882698399966,0.44741606962562724,0.6373959440137048,Syn
RCC2319,A,1,dilution_2,1.1468800000000001,1.0714285714285754,52.50000000000001,20.321428571428577,0.0505680699745823,0.022624967116581303,0.032231882698399966,0.44741606962562724,0.6373959440137048,Syn
RCC2319,A,2,dilution_2,1.1468800000000001,1.129870129870134,52.38668831168832,20.431168831168836,0.0505680699745823,0.022624967116581303,0.032231882698399966,0.44741606962562724,0.6373959440137048,Syn
RCC2319,A,3,dilution_2,1.1468800000000001,0.5662337662337703,48.823051948051955,19.740259740259745,0.0505680699745823,0.022624967116581303,0.032231882698399966,0.44741606962562724,0.6373959440137048,Syn
RCC2319,A,1,dilution_3,0.28672000000000003,3.392857142857147,16.08928571428572,59.42857142857144,0.0505680699745823,0.022624967116581303,0.032231882698399966,0.44741606962562724,0.6373959440137048,Syn
RCC2319,A,2,dilution_3,0.28672000000000003,18.78306878306879,18.4728835978836,73.489417989418,0.0505680699745823,0.022624967116581303,0.032231882698399966,0.44741606962562724,0.6373959440137048,Syn
RCC2319,A,3,dilution_3,0.28672000000000003,18.80451127819549,18.52161654135339,73.95238095238096,0.0505680699745823,0.022624967116581303,0.032231882698399966,0.44741606962562724,0.6373959440137048,Syn
RCC2319,A,1,dilution_4,0.14336000000000002,-37.482142857142854,3.250000000000004,31.71428571428572,0.0505680699745823,0.022624967116581303,0.032231882698399966,0.44741606962562724,0.6373959440137048,Syn
RCC2319,A,2,dilution_4,0.14336000000000002,-37.18730158730158,2.8654761904761945,31.77460317460318,0.0505680699745823,0.022624967116581303,0.032231882698399966,0.44741606962562724,0.6373959440137048,Syn
RCC2319,A,3,dilution_4,0.14336000000000002,-37.8032345013477,3.411388140161729,31.530997304582215,0.0505680699745823,0.022624967116581303,0.032231882698399966,0.44741606962562724,0.6373959440137048,Syn
RCC2319,A,1,dilution_5,0.028643356643356647,7.982142857142861,23.91071428571429,-2.874999999999994,0.0505680699745823,0.022624967116581303,0.032231882698399966,0.44741606962562724,0.6373959440137048,Syn
RCC2319,A,2,dilution_5,0.028643356643356647,7.928571428571432,27.125000000000004,-3.16071428571428,0.0505680699745823,0.022624967116581303,0.032231882698399966,0.44741606962562724,0.6373959440137048,Syn
RCC2319,A,3,dilution_5,0.028643356643356647,8.543417366946782,26.04586834733894,-2.6554621848739437,0.0505680699745823,0.022624967116581303,0.032231882698399966,0.44741606962562724,0.6373959440137048,Syn
RCC2319,B,1,dilution_1,5.111078400000001,129.16071428571428,353.26785714285717,148.75,0.037526332428050285,0.014291728014050285,0.0339309807360396,0.38084531818962053,0.9041912316130519,Syn
RCC2319,B,2,dilution_1,5.111078400000001,131.24007936507937,354.8703703703704,149.16798941798942,0.037526332428050285,0.014291728014050285,0.0339309807360396,0.38084531818962053,0.9041912316130519,Syn
RCC2319,B,3,dilution_1,5.111078400000001,132.55489417989418,355.2037037037037,148.96428571428572,0.037526332428050285,0.014291728014050285,0.0339309807360396,0.38084531818962053,0.9041912316130519,Syn
RCC2319,B,1,dilution_2,1.1111040000000003,36.57142857142857,89.33928571428571,38.107142857142854,0.037526332428050285,0.014291728014050285,0.0339309807360396,0.38084531818962053,0.9041912316130519,Syn
RCC2319,B,2,dilution_2,1.1111040000000003,36.422619047619044,89.42857142857143,38.01190476190476,0.037526332428050285,0.014291728014050285,0.0339309807360396,0.38084531818962053,0.9041912316130519,Syn
RCC2319,B,3,dilution_2,1.1111040000000003,37.44642857142857,90.37142857142857,39.20714285714285,0.037526332428050285,0.014291728014050285,0.0339309807360396,0.38084531818962053,0.9041912316130519,Syn
RCC2319,B,1,dilution_3,0.3333312000000001,17.807330827067666,26.894736842105264,12.130952380952374,0.037526332428050285,0.014291728014050285,0.0339309807360396,0.38084531818962053,0.9041912316130519,Syn
RCC2319,B,2,dilution_3,0.3333312000000001,10.660714285714281,25.017857142857142,11.928571428571422,0.037526332428050285,0.014291728014050285,0.0339309807360396,0.38084531818962053,0.9041912316130519,Syn
RCC2319,B,3,dilution_3,0.3333312000000001,10.125549450549446,25.215384615384615,11.571978021978016,0.037526332428050285,0.014291728014050285,0.0339309807360396,0.38084531818962053,0.9041912316130519,Syn
RCC2319,B,1,dilution_4,0.11111040000000003,20.499999999999996,5.482142857142857,4.249999999999994,0.037526332428050285,0.014291728014050285,0.0339309807360396,0.38084531818962053,0.9041912316130519,Syn
RCC2319,B,2,dilution_4,0.11111040000000003,20.290584415584412,5.490909090909091,4.137012987012981,0.037526332428050285,0.014291728014050285,0.0339309807360396,0.38084531818962053,0.9041912316130519,Syn
RCC2319,B,3,dilution_4,0.11111040000000003,20.054220779220774,5.327272727272727,4.427922077922072,0.037526332428050285,0.014291728014050285,0.0339309807360396,0.38084531818962053,0.9041912316130519,Syn
RCC2319,B,1,dilution_5,0.022199880119880125,0.6428571428571388,2.732142857142857,1.0714285714285654,0.037526332428050285,0.014291728014050285,0.0339309807360396,0.38084531818962053,0.9041912316130519,Syn
RCC2319,B,2,dilution_5,0.022199880119880125,-0.8895502645502686,2.3703703703703702,1.390211640211634,0.037526332428050285,0.014291728014050285,0.0339309807360396,0.38084531818962053,0.9041912316130519,Syn
RCC2319,B,3,dilution_5,0.022199880119880125,-0.8026556776556817,2.3076923076923075,1.4642857142857082,0.037526332428050285,0.014291728014050285,0.0339309807360396,0.38084531818962053,0.9041912316130519,Syn
RCC2319,C,1,dilution_1,5.020876800000001,167.57142857142858,389.25,152.875,0.028662422977446422,0.012756096594682288,0.03273327329228586,0.44504599645046294,1.14202743145765,Syn
RCC2319,C,2,dilution_1,5.020876800000001,168.71153846153845,390.90521978021974,153.9052197802198,0.028662422977446422,0.012756096594682288,0.03273327329228586,0.44504599645046294,1.14202743145765,Syn
RCC2319,C,3,dilution_1,5.020876800000001,169.98888888888888,391.4599206349206,153.65436507936508,0.028662422977446422,0.012756096594682288,0.03273327329228586,0.44504599645046294,1.14202743145765,Syn
RCC2319,C,1,dilution_2,1.1157504,53.285714285714285,92.91071428571429,32.62500000000001,0.028662422977446422,0.012756096594682288,0.03273327329228586,0.44504599645046294,1.14202743145765,Syn
RCC2319,C,2,dilution_2,1.1157504,55.96938775510204,93.25765306122449,32.579081632653065,0.028662422977446422,0.012756096594682288,0.03273327329228586,0.44504599645046294,1.14202743145765,Syn
RCC2319,C,3,dilution_2,1.1157504,58.06363636363636,93.53668831168831,32.55941558441559,0.028662422977446422,0.012756096594682288,0.03273327329228586,0.44504599645046294,1.14202743145765,Syn
RCC2319,C,1,dilution_3,0.2789376,15.732142857142858,23.21428571428571,4.91071428571429,0.028662422977446422,0.012756096594682288,0.03273327329228586,0.44504599645046294,1.14202743145765,Syn
RCC2319,C,2,dilution_3,0.2789376,15.60204081632653,23.19642857142857,4.721938775510208,0.028662422977446422,0.012756096594682288,0.03273327329228586,0.44504599645046294,1.14202743145765,Syn
RCC2319,C,3,dilution_3,0.2789376,15.772727272727273,22.663961038961038,4.297077922077926,0.028662422977446422,0.012756096594682288,0.03273327329228586,0.44504599645046294,1.14202743145765,Syn
RCC2319,C,1,dilution_4,0.1394688,9.160714285714286,31.678571428571427,3.303571428571433,0.028662422977446422,0.012756096594682288,0.03273327329228586,0.44504599645046294,1.14202743145765,Syn
RCC2319,C,2,dilution_4,0.1394688,8.166666666666666,30.815476190476186,2.732142857142861,0.028662422977446422,0.012756096594682288,0.03273327329228586,0.44504599645046294,1.14202743145765,Syn
RCC2319,C,3,dilution_4,0.1394688,8.071428571428571,31.365259740259738,2.8944805194805237,0.028662422977446422,0.012756096594682288,0.03273327329228586,0.44504599645046294,1.14202743145765,Syn
RCC2319,C,1,dilution_5,0.055676167664670664,4.798245614035087,3.218984962406012,-6.627506265664156,0.028662422977446422,0.012756096594682288,0.03273327329228586,0.44504599645046294,1.14202743145765,Syn
RCC2319,C,2,dilution_5,0.055676167664670664,4.863636363636363,2.373051948051945,-6.622402597402593,0.028662422977446422,0.012756096594682288,0.03273327329228586,0.44504599645046294,1.14202743145765,Syn
RCC2319,C,3,dilution_5,0.055676167664670664,4.792307692307692,2.9129120879120847,-6.875549450549446,0.028662422977446422,0.012756096594682288,0.03273327329228586,0.44504599645046294,1.14202743145765,Syn
RCC2374,A,1,dilution_1,5.0497664,63.51785714285714,189.07142857142856,97.41071428571429,0.07091425547378642,0.026420606299528224,0.049852202574724815,0.3725711582672492,0.7029926809730488,Syn
RCC2374,A,2,dilution_1,5.0497664,63.37896825396825,189.6732804232804,98.19973544973546,0.07091425547378642,0.026420606299528224,0.049852202574724815,0.3725711582672492,0.7029926809730488,Syn
RCC2374,A,3,dilution_1,5.0497664,63.66440886699507,190.2697044334975,98.33128078817734,0.07091425547378642,0.026420606299528224,0.049852202574724815,0.3725711582672492,0.7029926809730488,Syn
RCC2374,A,1,dilution_2,1.0820928,0.08928571428571022,45.80357142857142,31.21428571428571,0.07091425547378642,0.026420606299528224,0.049852202574724815,0.3725711582672492,0.7029926809730488,Syn
RCC2374,A,2,dilution_2,1.0820928,0.013140161725063325,45.972371967654986,30.673180592991912,0.07091425547378642,0.026420606299528224,0.049852202574724815,0.3725711582672492,0.7029926809730488,Syn
RCC2374,A,3,dilution_2,1.0820928,0.24058441558441152,46.7487012987013,30.74350649350649,0.07091425547378642,0.026420606299528224,0.049852202574724815,0.3725711582672492,0.7029926809730488,Syn
RCC2374,A,1,dilution_3,0.3606976,-11.091791979949878,15.926691729323306,9.89661654135338,0.07091425547378642,0.026420606299528224,0.049852202574724815,0.3725711582672492,0.7029926809730488,Syn
RCC2374,A,2,dilution_3,0.3606976,-11.750000000000004,16.249999999999996,9.39285714285714,0.07091425547378642,0.026420606299528224,0.049852202574724815,0.3725711582672492,0.7029926809730488,Syn
RCC2374,A,3,dilution_3,0.3606976,-11.496293800539087,15.670485175202154,8.76752021563342,0.07091425547378642,0.026420606299528224,0.049852202574724815,0.3725711582672492,0.7029926809730488,Syn
RCC2374,A,1,dilution_4,0.07206745254745255,8.285714285714281,1.874999999999998,-4.214285714285717,0.07091425547378642,0.026420606299528224,0.049852202574724815,0.3725711582672492,0.7029926809730488,Syn
RCC2374,A,2,dilution_4,0.07206745254745255,7.363095238095234,1.4880952380952361,-3.869047619047622,0.07091425547378642,0.026420606299528224,0.049852202574724815,0.3725711582672492,0.7029926809730488,Syn
RCC2374,A,3,dilution_4,0.07206745254745255,6.849824355971893,0.8870023419203726,-3.6797423887587852,0.07091425547378642,0.026420606299528224,0.049852202574724815,0.3725711582672492,0.7029926809730488,Syn
RCC2374,A,1,dilution_5,0.036051734132933534,-15.589285714285719,1.3571428571428552,-0.23214285714286018,0.07091425547378642,0.026420606299528224,0.049852202574724815,0.3725711582672492,0.7029926809730488,Syn
RCC2374,A,2,dilution_5,0.036051734132933534,-15.703840970350408,1.6516172506738525,-0.4777628032345044,0.07091425547378642,0.026420606299528224,0.049852202574724815,0.3725711582672492,0.7029926809730488,Syn
RCC2374,A,3,dilution_5,0.036051734132933534,-15.55867346938776,1.5357142857142836,0.24999999999999695,0.07091425547378642,0.026420606299528224,0.049852202574724815,0.3725711582672492,0.7029926809730488,Syn
RCC2374,B,1,dilution_1,5.077056000000002,67.71146616541354,168.8374060150376,90.06516290726816,0.07141232607977109,0.029669300676214202,0.05595207600990286,0.4154647006326629,0.7835072610210404,Syn
RCC2374,B,2,dilution_1,5.077056000000002,68.1936090225564,169.76597744360902,90.06516290726816,0.07141232607977109,0.029669300676214202,0.05595207600990286,0.4154647006326629,0.7835072610210404,Syn
RCC2374,B,3,dilution_1,5.077056000000002,68.19425837320574,170.5598086124402,90.1872408293461,0.07141232607977109,0.029669300676214202,0.05595207600990286,0.4154647006326629,0.7835072610210404,Syn
RCC2374,B,1,dilution_2,1.0154112000000002,8.087719298245618,38.15789473684211,20.78947368421052,0.07141232607977109,0.029669300676214202,0.05595207600990286,0.4154647006326629,0.7835072610210404,Syn
RCC2374,B,2,dilution_2,1.0154112000000002,8.753639417693174,38.381858902575594,20.73385591638671,0.07141232607977109,0.029669300676214202,0.05595207600990286,0.4154647006326629,0.7835072610210404,Syn
RCC2374,B,3,dilution_2,1.0154112000000002,8.4378947368421091,38.56526315789474,21.05087719298245,0.07141232607977109,0.029669300676214202,0.05595207600990286,0.4154647006326629,0.7835072610210404,Syn
RCC2374,B,1,dilution_3,0.33847040000000006,18.140037593984967,12.069548872180453,6.368734335839595,0.07141232607977109,0.029669300676214202,0.05595207600990286,0.4154647006326629,0.7835072610210404,Syn
RCC2374,B,2,dilution_3,0.33847040000000006,17.375286041189934,11.36613272311213,5.872616323417234,0.07141232607977109,0.029669300676214202,0.05595207600990286,0.4154647006326629,0.7835072610210404,Syn
RCC2374,B,3,dilution_3,0.33847040000000006,17.84539473684211,11.61776315789474,5.900877192982452,0.07141232607977109,0.029669300676214202,0.05595207600990286,0.4154647006326629,0.7835072610210404,Syn
RCC2374,B,1,dilution_4,0.16923520000000003,6.693609022556395,13.676691729323311,3.0115914786967375,0.07141232607977109,0.029669300676214202,0.05595207600990286,0.4154647006326629,0.7835072610210404,Syn
RCC2374,B,2,dilution_4,0.16923520000000003,5.566985645933019,11.673444976076558,3.237240829346088,0.07141232607977109,0.029669300676214202,0.05595207600990286,0.4154647006326629,0.7835072610210404,Syn
RCC2374,B,3,dilution_4,0.16923520000000003,5.47368421052632,10.157894736842108,3.1754385964912237,0.07141232607977109,0.029669300676214202,0.05595207600990286,0.4154647006326629,0.7835072610210404,Syn
RCC2374,B,1,dilution_5,0.03381322677322678,1.7543859649122853,1.4035087719298276,0.24561403508771507,0.07141232607977109,0.029669300676214202,0.05595207600990286,0.4154647006326629,0.7835072610210404,Syn
RCC2374,B,2,dilution_5,0.03381322677322678,2.213450292397665,1.4941520467836287,-0.22319688109162217,0.07141232607977109,0.029669300676214202,0.05595207600990286,0.4154647006326629,0.7835072610210404,Syn
RCC2374,B,3,dilution_5,0.03381322677322678,2.403508771929829,0.6842105263157925,-0.28070175438596917,0.07141232607977109,0.029669300676214202,0.05595207600990286,0.4154647006326629,0.7835072610210404,Syn
RCC2374,C,1,dilution_1,5.1133440000000006,70.54483282674772,196.65121580547114,90.85410334346504,0.06959008365618709,0.026140960972273884,0.05684259168006962,0.37564203976854615,0.8168202809024196,Syn
RCC2374,C,2,dilution_1,5.1133440000000006,70.18494271685762,196.13747954173488,90.00245499181669,0.06959008365618709,0.026140960972273884,0.05684259168006962,0.37564203976854615,0.8168202809024196,Syn
RCC2374,C,3,dilution_1,5.1133440000000006,69.94648117839607,196.06055646481178,90.61399345335515,0.06959008365618709,0.026140960972273884,0.05684259168006962,0.37564203976854615,0.8168202809024196,Syn
RCC2374,C,1,dilution_2,1.2783360000000001,-0.29445288753799,44.401215805471125,18.943389057750753,0.06959008365618709,0.026140960972273884,0.05684259168006962,0.37564203976854615,0.8168202809024196,Syn
RCC2374,C,2,dilution_2,1.2783360000000001,-0.8129593810444835,44.120696324951645,19.275531914893612,0.06959008365618709,0.026140960972273884,0.05684259168006962,0.37564203976854615,0.8168202809024196,Syn
RCC2374,C,3,dilution_2,1.2783360000000001,-0.43176815847395056,44.01944240645635,19.10656639765223,0.06959008365618709,0.026140960972273884,0.05684259168006962,0.37564203976854615,0.8168202809024196,Syn
RCC2374,C,1,dilution_3,0.4261120000000001,-10.11588145896656,20.258358662613983,-0.6280395136778176,0.06959008365618709,0.026140960972273884,0.05684259168006962,0.37564203976854615,0.8168202809024196,Syn
RCC2374,C,2,dilution_3,0.4261120000000001,-9.122050290135393,20.393423597678918,-1.01537717601548,0.06959008365618709,0.026140960972273884,0.05684259168006962,0.37564203976854615,0.8168202809024196,Syn
RCC2374,C,3,dilution_3,0.4261120000000001,-9.487706855791957,19.96312056737589,-1.3689125295508335,0.06959008365618709,0.026140960972273884,0.05684259168006962,0.37564203976854615,0.8168202809024196,Syn
RCC2374,C,1,dilution_4,0.21305600000000005,-6.133738601823704,7.704787234042556,-1.2351823708206748,0.06959008365618709,0.026140960972273884,0.05684259168006962,0.37564203976854615,0.8168202809024196,Syn
RCC2374,C,2,dilution_4,0.21305600000000005,-5.4908814589665615,8.115501519756842,-1.3720871327254367,0.06959008365618709,0.026140960972273884,0.05684259168006962,0.37564203976854615,0.8168202809024196,Syn
RCC2374,C,3,dilution_4,0.21305600000000005,-5.709929078014181,7.063120567375889,-1.3578014184397225,0.06959008365618709,0.026140960972273884,0.05684259168006962,0.37564203976854615,0.8168202809024196,Syn
RCC2374,C,1,dilution_5,0.04256863136863138,-4.276595744680847,1.5976443768996984,0.8898176291793253,0.06959008365618709,0.026140960972273884,0.05684259168006962,0.37564203976854615,0.8168202809024196,Syn
RCC2374,C,2,dilution_5,0.04256863136863138,-3.6158814589665615,1.9369300911854128,1.4791033434650396,0.06959008365618709,0.026140960972273884,0.05684259168006962,0.37564203976854615,0.8168202809024196,Syn
RCC2374,C,3,dilution_5,0.04256863136863138,-3.5499290780141806,2.1764539007092223,1.5288652482269443,0.06959008365618709,0.026140960972273884,0.05684259168006962,0.37564203976854615,0.8168202809024196,Syn
RCC2379,A,1,dilution_1,4.928,69.71428571428571,223.5357142857143,81.08928571428571,0.048094631983166915,0.02179212002757368,0.03472627358005434,0.45310919595352983,0.722040530265592,Syn
RCC2379,A,3,dilution_1,4.928,68.75446428571428,223.8794642857143,80.99553571428571,0.048094631983166915,0.02179212002757368,0.03472627358005434,0.45310919595352983,0.722040530265592,Syn
RCC2379,A,1,dilution_2,0.9856,49.01785714285713,56.10714285714286,46.17857142857142,0.048094631983166915,0.02179212002757368,0.03472627358005434,0.45310919595352983,0.722040530265592,Syn
RCC2379,A,3,dilution_2,0.9856,47.72598522167486,56.618226600985224,45.493842364532014,0.048094631983166915,0.02179212002757368,0.03472627358005434,0.45310919595352983,0.722040530265592,Syn
RCC2379,A,1,dilution_3,0.4928,11.178571428571416,14.946428571428573,82.875,0.048094631983166915,0.02179212002757368,0.03472627358005434,0.45310919595352983,0.722040530265592,Syn
RCC2379,A,3,dilution_3,0.4928,8.129464285714274,17.589285714285715,58.11607142857142,0.048094631983166915,0.02179212002757368,0.03472627358005434,0.45310919595352983,0.722040530265592,Syn
RCC2379,A,1,dilution_4,0.14784,-20.538533834586477,-2.231516290726815,-1.6347117794486237,0.048094631983166915,0.02179212002757368,0.03472627358005434,0.45310919595352983,0.722040530265592,Syn
RCC2379,A,3,dilution_4,0.14784,-21.055519480519493,-0.5737012987012966,-0.4740259740259761,0.048094631983166915,0.02179212002757368,0.03472627358005434,0.45310919595352983,0.722040530265592,Syn
RCC2379,A,1,dilution_5,0.049280000000000004,21.94642857142856,3.535714285714288,2.857142857142855,0.048094631983166915,0.02179212002757368,0.03472627358005434,0.45310919595352983,0.722040530265592,Syn
RCC2379,A,3,dilution_5,0.049280000000000004,21.908834586466153,3.7465538847117816,2.9354636591478678,0.048094631983166915,0.02179212002757368,0.03472627358005434,0.45310919595352983,0.722040530265592,Syn
RCC2379,B,1,dilution_1,5.686656000000001,92.96961152882206,275.4141604010025,75.50751879699249,0.06029696807744719,0.020519548504155494,0.07545767104349584,0.3403081308798079,1.2514339186437335,Syn
RCC2379,B,2,dilution_1,5.686656000000001,92.74021592442645,276.44163292847503,75.6751012145749,0.06029696807744719,0.020519548504155494,0.07545767104349584,0.3403081308798079,1.2514339186437335,Syn
RCC2379,B,3,dilution_1,5.686656000000001,92.62902711323764,276.2433811802233,75.34258373205742,0.06029696807744719,0.020519548504155494,0.07545767104349584,0.3403081308798079,1.2514339186437335,Syn
RCC2379,B,1,dilution_2,1.1373312000000002,21.630325814536345,57.771303258145366,11.757518796992484,0.06029696807744719,0.020519548504155494,0.07545767104349584,0.3403081308798079,1.2514339186437335,Syn
RCC2379,B,2,dilution_2,1.1373312000000002,21.886939571150105,58.60331384015595,12.412280701754389,0.06029696807744719,0.020519548504155494,0.07545767104349584,0.3403081308798079,1.2514339186437335,Syn
RCC2379,B,3,dilution_2,1.1373312000000002,21.600305110602598,58.29977116704806,11.665903890160186,0.06029696807744719,0.020519548504155494,0.07545767104349584,0.3403081308798079,1.2514339186437335,Syn
RCC2379,B,1,dilution_3,0.37911040000000007,-3.3518170426065104,23.146303258145366,-0.8853383458646594,0.06029696807744719,0.020519548504155494,0.07545767104349584,0.3403081308798079,1.2514339186437335,Syn
RCC2379,B,2,dilution_3,0.37911040000000007,-3.5773153814769425,22.993064055487558,-0.025703794369642798,0.06029696807744719,0.020519548504155494,0.07545767104349584,0.3403081308798079,1.2514339186437335,Syn
RCC2379,B,3,dilution_3,0.37911040000000007,-3.375168690958159,23.210863697705804,0.4058704453441318,0.06029696807744719,0.020519548504155494,0.07545767104349584,0.3403081308798079,1.2514339186437335,Syn
RCC2379,B,1,dilution_4,0.18955520000000003,-4.512531328320796,11.98558897243108,-1.563909774436088,0.06029696807744719,0.020519548504155494,0.07545767104349584,0.3403081308798079,1.2514339186437335,Syn
RCC2379,B,2,dilution_4,0.18955520000000003,-4.589154704944173,12.152472089314196,-1.6392344497607634,0.06029696807744719,0.020519548504155494,0.07545767104349584,0.3403081308798079,1.2514339186437335,Syn
RCC2379,B,3,dilution_4,0.18955520000000003,-4.78947368421052,12.05263157894737,-1.1052631578947345,0.06029696807744719,0.020519548504155494,0.07545767104349584,0.3403081308798079,1.2514339186437335,Syn
RCC2379,B,1,dilution_5,0.03787316683316684,-2.4946741854636536,0.8784461152882221,-3.9567669172932307,0.06029696807744719,0.020519548504155494,0.07545767104349584,0.3403081308798079,1.2514339186437335,Syn
RCC2379,B,2,dilution_5,0.03787316683316684,-3.721322537112005,0.8070175438596507,-4.267206477732791,0.06029696807744719,0.020519548504155494,0.07545767104349584,0.3403081308798079,1.2514339186437335,Syn
RCC2379,B,3,dilution_5,0.03787316683316684,-2.6500974658869336,0.8255360623781692,-4.217348927875242,0.06029696807744719,0.020519548504155494,0.07545767104349584,0.3403081308798079,1.2514339186437335,Syn
RCC2379,C,1,dilution_1,5.217177600000001,75.02005012531328,237.65538847117796,64.70206766917293,0.0700492726823909,0.021119795470666395,0.07888125061518693,0.30149913999000766,1.126082364521341,Syn
RCC2379,C,2,dilution_1,5.217177600000001,75.08089668615985,238.46491228070175,65.12865497076024,0.0700492726823909,0.021119795470666395,0.07888125061518693,0.30149913999000766,1.126082364521341,Syn
RCC2379,C,3,dilution_1,5.217177600000001,75.20446570972886,238.7164274322169,65.62966507177035,0.0700492726823909,0.021119795470666395,0.07888125061518693,0.30149913999000766,1.126082364521341,Syn
RCC2379,C,1,dilution_2,1.1593728,6.930764411027566,80.60181704260653,8.327067669172937,0.0700492726823909,0.021119795470666395,0.07888125061518693,0.30149913999000766,1.126082364521341,Syn
RCC2379,C,2,dilution_2,1.1593728,6.877192982456137,82.28006379585328,8.920574162679431,0.0700492726823909,0.021119795470666395,0.07888125061518693,0.30149913999000766,1.126082364521341,Syn
RCC2379,C,3,dilution_2,1.1593728,6.86052631578947,79.43157894736844,8.150877192982461,0.0700492726823909,0.021119795470666395,0.07888125061518693,0.30149913999000766,1.126082364521341,Syn
RCC2379,C,1,dilution_3,0.2898432,1.9307644110275655,12.280388471177947,-2.637218045112777,0.0700492726823909,0.021119795470666395,0.07888125061518693,0.30149913999000766,1.126082364521341,Syn
RCC2379,C,2,dilution_3,0.2898432,2.095374800637955,12.334609250398726,-2.715789473684205,0.0700492726823909,0.021119795470666395,0.07888125061518693,0.30149913999000766,1.126082364521341,Syn
RCC2379,C,3,dilution_3,0.2898432,2.0226475279106824,12.38915470494418,-3.006698564593296,0.0700492726823909,0.021119795470666395,0.07888125061518693,0.30149913999000766,1.126082364521341,Syn
RCC2379,C,1,dilution_4,0.05791072927072928,-3.0870927318295776,4.655388471177946,-7.994360902255634,0.0700492726823909,0.021119795470666395,0.07888125061518693,0.30149913999000766,1.126082364521341,Syn
RCC2379,C,2,dilution_4,0.05791072927072928,-3.3228070175438633,4.734609250398726,-8.57033492822966,0.0700492726823909,0.021119795470666395,0.07888125061518693,0.30149913999000766,1.126082364521341,Syn
RCC2379,C,3,dilution_4,0.05791072927072928,-3.5126375260184393,5.298245614035089,-9.366636931311325,0.0700492726823909,0.021119795470666395,0.07888125061518693,0.30149913999000766,1.126082364521341,Syn
RCC2379,C,1,dilution_5,0.028969835082458775,-2.649122807017547,0.5964912280701768,-3.7192982456140298,0.0700492726823909,0.021119795470666395,0.07888125061518693,0.30149913999000766,1.126082364521341,Syn
RCC2379,C,2,dilution_5,0.028969835082458775,-3.21958121109225,0.36276174306734715,-4.057724957555173,0.0700492726823909,0.021119795470666395,0.07888125061518693,0.30149913999000766,1.126082364521341,Syn
RCC2379,C,3,dilution_5,0.028969835082458775,-3.1413255360623817,0.5019493177387928,-4.167641325536057,0.0700492726823909,0.021119795470666395,0.07888125061518693,0.30149913999000766,1.126082364521341,Syn
RCC2379,D,1,dilution_1,4.313894400000001,88.03571428571429,190.80357142857144,61.19642857142858,0.046453171741218637,0.022372577751521284,0.0683449267312219,0.48161571993736957,1.4712650217289331,Syn
RCC2379,D,2,dilution_1,4.313894400000001,89.59615384615384,191.9436813186813,61.097527472527474,0.046453171741218637,0.022372577751521284,0.0683449267312219,0.48161571993736957,1.4712650217289331,Syn
RCC2379,D,3,dilution_1,4.313894400000001,90.65789473684211,192.04354636591478,60.8812656641604,0.046453171741218637,0.022372577751521284,0.0683449267312219,0.48161571993736957,1.4712650217289331,Syn
RCC2379,D,1,dilution_2,0.9586432000000001,19.160714285714285,45.55357142857142,17.178571428571434,0.046453171741218637,0.022372577751521284,0.0683449267312219,0.48161571993736957,1.4712650217289331,Syn
RCC2379,D,2,dilution_2,0.9586432000000001,19.61764705882353,45.6782212885154,16.957633053221294,0.046453171741218637,0.022372577751521284,0.0683449267312219,0.48161571993736957,1.4712650217289331,Syn
RCC2379,D,3,dilution_2,0.9586432000000001,20.289473684210527,45.429511278195484,17.074248120300755,0.046453171741218637,0.022372577751521284,0.0683449267312219,0.48161571993736957,1.4712650217289331,Syn
RCC2379,D,1,dilution_3,0.1318074514742629,13.640350877192983,13.920739348370924,5.670739348370931,0.046453171741218637,0.022372577751521284,0.0683449267312219,0.48161571993736957,1.4712650217289331,Syn
RCC2379,D,2,dilution_3,0.1318074514742629,13.31132075471698,14.067048517520213,5.137803234501352,0.046453171741218637,0.022372577751521284,0.0683449267312219,0.48161571993736957,1.4712650217289331,Syn
RCC2379,D,3,dilution_3,0.1318074514742629,14.01063829787234,13.758738601823705,5.8278875379939254,0.046453171741218637,0.022372577751521284,0.0683449267312219,0.48161571993736957,1.4712650217289331,Syn
RCC2379,D,1,dilution_5,0.04788427572427573,13.732142857142858,1.9642857142857113,-6.785714285714282,0.046453171741218637,0.022372577751521284,0.0683449267312219,0.48161571993736957,1.4712650217289331,Syn
RCC2379,D,2,dilution_5,0.04788427572427573,13.845454545454546,0.9548701298701269,-7.040584415584411,0.046453171741218637,0.022372577751521284,0.0683449267312219,0.48161571993736957,1.4712650217289331,Syn
RCC2379,D,3,dilution_5,0.04788427572427573,13.881818181818181,1.663961038961036,-7.131493506493502,0.046453171741218637,0.022372577751521284,0.0683449267312219,0.48161571993736957,1.4712650217289331,Syn
RCC3006,A,1,dilution_1,5.0268295,274.48214285714283,376.7857142857143,44.142857142857146,0.01794720048014841,0.013067405773385582,0.11126692421942372,0.7281027360138747,6.199681356571308,Dino
RCC3006,A,2,dilution_1,5.0268295,274.91946778711485,377.7538515406162,44.437675070028014,0.01794720048014841,0.013067405773385582,0.11126692421942372,0.7281027360138747,6.199681356571308,Dino
RCC3006,A,3,dilution_1,5.0268295,273.97932330827064,375.7001879699248,43.95676691729324,0.01794720048014841,0.013067405773385582,0.11126692421942372,0.7281027360138747,6.199681356571308,Dino
RCC3006,A,1,dilution_2,1.0053659,76.21428571428571,103.42857142857142,8.500000000000005,0.01794720048014841,0.013067405773385582,0.11126692421942372,0.7281027360138747,6.199681356571308,Dino
RCC3006,A,2,dilution_2,1.0053659,74.47597402597403,101.20162337662337,8.117532467532474,0.01794720048014841,0.013067405773385582,0.11126692421942372,0.7281027360138747,6.199681356571308,Dino
RCC3006,A,3,dilution_2,1.0053659,75.02897574123989,102.94845013477088,8.309299191374668,0.01794720048014841,0.013067405773385582,0.11126692421942372,0.7281027360138747,6.199681356571308,Dino
RCC3006,A,1,dilution_3,0.2872474,21.031954887218042,33.524749373433586,6.447994987468678,0.01794720048014841,0.013067405773385582,0.11126692421942372,0.7281027360138747,6.199681356571308,Dino
RCC3006,A,2,dilution_3,0.2872474,20.66456582633053,32.81267507002801,6.0063025210084096,0.01794720048014841,0.013067405773385582,0.11126692421942372,0.7281027360138747,6.199681356571308,Dino
RCC3006,A,3,dilution_3,0.2872474,20.749999999999996,32.82142857142857,6.160714285714292,0.01794720048014841,0.013067405773385582,0.11126692421942372,0.7281027360138747,6.199681356571308,Dino
RCC3006,A,1,dilution_4,0.1436237,8.089285714285712,11.142857142857142,-4.303571428571423,0.01794720048014841,0.013067405773385582,0.11126692421942372,0.7281027360138747,6.199681356571308,Dino
RCC3006,A,2,dilution_4,0.1436237,8.094155844155843,11.710714285714285,-4.355194805194799,0.01794720048014841,0.013067405773385582,0.11126692421942372,0.7281027360138747,6.199681356571308,Dino
RCC3006,A,3,dilution_4,0.1436237,7.964285714285713,11.089285714285714,-4.089285714285708,0.01794720048014841,0.013067405773385582,0.11126692421942372,0.7281027360138747,6.199681356571308,Dino
RCC3006,A,1,dilution_5,0.05733481037924151,2.249999999999998,1.892857142857142,-1.6785714285714224,0.01794720048014841,0.013067405773385582,0.11126692421942372,0.7281027360138747,6.199681356571308,Dino
RCC3006,A,2,dilution_5,0.05733481037924151,2.003246753246751,1.3107142857142846,-1.9551948051947992,0.01794720048014841,0.013067405773385582,0.11126692421942372,0.7281027360138747,6.199681356571308,Dino
RCC3006,A,3,dilution_5,0.05733481037924151,1.6986215538847098,1.4896616541353374,-1.657268170426059,0.01794720048014841,0.013067405773385582,0.11126692421942372,0.7281027360138747,6.199681356571308,Dino
RCC3006,B,1,dilution_1,4.537067331299999,118.32142857142857,178.60714285714286,18.625000000000007,0.037892870064745045,0.025291407303291366,0.23060769121481098,0.6674450169669811,6.085780539209272,Dino
RCC3006,B,2,dilution_1,4.537067331299999,118.75129870129871,179.53668831168832,19.38798701298702,0.037892870064745045,0.025291407303291366,0.23060769121481098,0.6674450169669811,6.085780539209272,Dino
RCC3006,B,3,dilution_1,4.537067331299999,119.35164835164835,179.1552197802198,18.583791208791215,0.037892870064745045,0.025291407303291366,0.23060769121481098,0.6674450169669811,6.085780539209272,Dino
RCC3006,B,1,dilution_2,0.97222871385,19.696428571428573,38.66071428571429,3.4464285714285774,0.037892870064745045,0.025291407303291366,0.23060769121481098,0.6674450169669811,6.085780539209272,Dino
RCC3006,B,2,dilution_2,0.97222871385,19.824025974025975,38.80941558441559,3.660714285714292,0.037892870064745045,0.025291407303291366,0.23060769121481098,0.6674450169669811,6.085780539209272,Dino
RCC3006,B,3,dilution_2,0.97222871385,19.3766846361186,38.23685983827494,3.3588274932614617,0.037892870064745045,0.025291407303291366,0.23060769121481098,0.6674450169669811,6.085780539209272,Dino
RCC3006,B,1,dilution_3,0.32407623795,18.123015873015873,14.963624338624342,3.919973544973551,0.037892870064745045,0.025291407303291366,0.23060769121481098,0.6674450169669811,6.085780539209272,Dino
RCC3006,B,2,dilution_3,0.32407623795,18.45634920634921,14.963624338624342,3.4014550264550327,0.037892870064745045,0.025291407303291366,0.23060769121481098,0.6674450169669811,6.085780539209272,Dino
RCC3006,B,3,dilution_3,0.32407623795,18.1978021978022,14.732142857142861,3.237637362637369,0.037892870064745045,0.025291407303291366,0.23060769121481098,0.6674450169669811,6.085780539209272,Dino
RCC3006,B,1,dilution_4,0.06475049709290709,-6.128446115288218,-2.9038220551378404,-2.8656015037593923,0.037892870064745045,0.025291407303291366,0.23060769121481098,0.6674450169669811,6.085780539209272,Dino
RCC3006,B,2,dilution_4,0.06475049709290709,-6.458683473389354,-3.2433473389355703,-3.2216386554621788,0.037892870064745045,0.025291407303291366,0.23060769121481098,0.6674450169669811,6.085780539209272,Dino
RCC3006,B,3,dilution_4,0.06475049709290709,-6.385944700460827,-2.6952764976958483,-3.032834101382482,0.037892870064745045,0.025291407303291366,0.23060769121481098,0.6674450169669811,6.085780539209272,Dino
RCC3006,C,1,dilution_1,4.9408320645,209.80145278450362,276.660411622276,43.02179176755448,0.02052871148759507,0.017620759991665885,0.07672409096337776,0.8583471009524207,3.7374041234755526,Dino
RCC3006,C,2,dilution_1,4.9408320645,209.62742681047766,275.53898305084743,42.902311248073964,0.02052871148759507,0.017620759991665885,0.07672409096337776,0.8583471009524207,3.7374041234755526,Dino
RCC3006,C,3,dilution_1,4.9408320645,212.34510357815444,278.1167608286252,43.42655367231639,0.02052871148759507,0.017620759991665885,0.07672409096337776,0.8583471009524207,3.7374041234755526,Dino
RCC3006,C,1,dilution_2,1.097962681,102.72881355932203,74.86440677966102,32.355932203389834,0.02052871148759507,0.017620759991665885,0.07672409096337776,0.8583471009524207,3.7374041234755526,Dino
RCC3006,C,2,dilution_2,1.097962681,100.66101694915254,74.23728813559322,31.8135593220339,0.02052871148759507,0.017620759991665885,0.07672409096337776,0.8583471009524207,3.7374041234755526,Dino
RCC3006,C,3,dilution_2,1.097962681,101.2641857037583,74.64333087693441,31.810611643330876,0.02052871148759507,0.017620759991665885,0.07672409096337776,0.8583471009524207,3.7374041234755526,Dino
RCC3006,C,1,dilution_3,0.27449067025,39.00000000000001,19.98305084745763,17.45762711864407,0.02052871148759507,0.017620759991665885,0.07672409096337776,0.8583471009524207,3.7374041234755526,Dino
RCC3006,C,2,dilution_3,0.27449067025,39.4406779661017,20.186440677966104,16.440677966101696,0.02052871148759507,0.017620759991665885,0.07672409096337776,0.8583471009524207,3.7374041234755526,Dino
RCC3006,C,3,dilution_3,0.27449067025,38.731371921969945,17.64086984330029,15.951710905020787,0.02052871148759507,0.017620759991665885,0.07672409096337776,0.8583471009524207,3.7374041234755526,Dino
RCC3006,C,1,dilution_4,0.1095771138722555,10.220338983050851,7.406779661016952,8.576271186440678,0.02052871148759507,0.017620759991665885,0.07672409096337776,0.8583471009524207,3.7374041234755526,Dino
RCC3006,C,2,dilution_4,0.1095771138722555,9.762711864406784,7.644067796610172,7.576271186440679,0.02052871148759507,0.017620759991665885,0.07672409096337776,0.8583471009524207,3.7374041234755526,Dino
RCC3006,C,3,dilution_4,0.1095771138722555,8.606647589698442,6.845476557340967,7.398415144177857,0.02052871148759507,0.017620759991665885,0.07672409096337776,0.8583471009524207,3.7374041234755526,Dino
RCC3006,C,1,dilution_5,0.08222386527708438,22.6271186440678,5.728813559322036,9.8135593220339,0.02052871148759507,0.017620759991665885,0.07672409096337776,0.8583471009524207,3.7374041234755526,Dino
RCC3006,C,2,dilution_5,0.08222386527708438,22.355932203389834,5.86440677966102,9.847457627118645,0.02052871148759507,0.017620759991665885,0.07672409096337776,0.8583471009524207,3.7374041234755526,Dino
RCC3006,C,3,dilution_5,0.08222386527708438,21.98157700810612,5.904200442151808,9.477278309997544,0.02052871148759507,0.017620759991665885,0.07672409096337776,0.8583471009524207,3.7374041234755526,Dino
RCC4213,A,1,dilution_1,5.278469192422731,529.2362155388471,610.9946741854636,66.49874686716792,0.009861509288928674,0.008647911707839176,0.07871855417584439,0.8769359186780891,7.982404302373896,Diatom
RCC4213,A,2,dilution_1,5.278469192422731,545.517384370016,621.0255183413078,67.39744816586922,0.009861509288928674,0.008647911707839176,0.07871855417584439,0.8769359186780891,7.982404302373896,Diatom
RCC4213,A,3,dilution_1,5.278469192422731,531.4264752791069,603.2255183413077,66.63381180223286,0.009861509288928674,0.008647911707839176,0.07871855417584439,0.8769359186780891,7.982404302373896,Diatom
RCC4213,A,1,dilution_2,1.0849262737262737,111.34335839598997,118.5482456140351,9.10588972431078,0.009861509288928674,0.008647911707839176,0.07871855417584439,0.8769359186780891,7.982404302373896,Diatom
RCC4213,A,2,dilution_2,1.0849262737262737,109.45117510758027,116.82654750082754,9.013571665011588,0.009861509288928674,0.008647911707839176,0.07871855417584439,0.8769359186780891,7.982404302373896,Diatom
RCC4213,A,3,dilution_2,1.0849262737262737,109.1810207336523,115.84370015948964,9.570175438596493,0.009861509288928674,0.008647911707839176,0.07871855417584439,0.8769359186780891,7.982404302373896,Diatom
RCC4213,A,1,dilution_3,0.33937849999999997,30.629072681704255,41.17324561403509,0.9630325814536361,0.009861509288928674,0.008647911707839176,0.07871855417584439,0.8769359186780891,7.982404302373896,Diatom
RCC4213,A,2,dilution_3,0.33937849999999997,30.05764411027568,40.910490511994276,0.702828499820983,0.009861509288928674,0.008647911707839176,0.07871855417584439,0.8769359186780891,7.982404302373896,Diatom
RCC4213,A,3,dilution_3,0.33937849999999997,30.84465709728867,41.58915470494418,0.8156299840510387,0.009861509288928674,0.008647911707839176,0.07871855417584439,0.8769359186780891,7.982404302373896,Diatom
RCC4213,A,1,dilution_4,0.0678078921078921,3.16478696741854,8.226817042606518,-4.965538847117792,0.009861509288928674,0.008647911707839176,0.07871855417584439,0.8769359186780891,7.982404302373896,Diatom
RCC4213,A,2,dilution_4,0.0678078921078921,2.979476994372718,8.22277391592188,-5.099635882158224,0.009861509288928674,0.008647911707839176,0.07871855417584439,0.8769359186780891,7.982404302373896,Diatom
RCC4213,A,3,dilution_4,0.0678078921078921,2.4385964912280635,7.569078947368422,-4.88815789473684,0.009861509288928674,0.008647911707839176,0.07871855417584439,0.8769359186780891,7.982404302373896,Diatom
RCC4213,A,1,dilution_5,0.033920889555222385,-1.103070175438603,4.7625313283208035,-4.554824561403507,0.009861509288928674,0.008647911707839176,0.07871855417584439,0.8769359186780891,7.982404302373896,Diatom
RCC4213,A,2,dilution_5,0.033920889555222385,-2.0462519936204213,4.680063795853271,-5.620733652312597,0.009861509288928674,0.008647911707839176,0.07871855417584439,0.8769359186780891,7.982404302373896,Diatom
RCC4213,A,3,dilution_5,0.033920889555222385,-1.8114035087719362,4.631578947368422,-5.471491228070174,0.009861509288928674,0.008647911707839176,0.07871855417584439,0.8769359186780891,7.982404302373896,Diatom
RCC4213,B,1,dilution_1,5.1599831412,397.49999999999994,447.80357142857144,58.82142857142857,0.01288002535699776,0.011500165139244192,0.07717047524582886,0.8928682064275685,5.991484729795341,Diatom
RCC4213,B,2,dilution_1,5.1599831412,391.36785714285713,443.6272727272727,59.222727272727276,0.01288002535699776,0.011500165139244192,0.07717047524582886,0.8928682064275685,5.991484729795341,Diatom
RCC4213,B,3,dilution_1,5.1599831412,391.1785714285714,444.89285714285717,59.482142857142854,0.01288002535699776,0.011500165139244192,0.07717047524582886,0.8928682064275685,5.991484729795341,Diatom
RCC4213,B,1,dilution_2,1.07499648775,86.03571428571428,98.48214285714286,12.375,0.01288002535699776,0.011500165139244192,0.07717047524582886,0.8928682064275685,5.991484729795341,Diatom
RCC4213,B,2,dilution_2,1.07499648775,82.8234126984127,95.33333333333333,10.083333333333334,0.01288002535699776,0.011500165139244192,0.07717047524582886,0.8928682064275685,5.991484729795341,Diatom
RCC4213,B,3,dilution_2,1.07499648775,83.36434837092732,97.16666666666667,10.714912280701755,0.01288002535699776,0.011500165139244192,0.07717047524582886,0.8928682064275685,5.991484729795341,Diatom
RCC4213,B,1,dilution_3,0.42999859509999994,39.32142857142857,50.232142857142854,9.714285714285714,0.01288002535699776,0.011500165139244192,0.07717047524582886,0.8928682064275685,5.991484729795341,Diatom
RCC4213,B,2,dilution_3,0.42999859509999994,38.46785714285714,50.2,10.07,0.01288002535699776,0.011500165139244192,0.07717047524582886,0.8928682064275685,5.991484729795341,Diatom
RCC4213,B,3,dilution_3,0.42999859509999994,37.80867346938775,50.47959183673469,9.954081632653061,0.01288002535699776,0.011500165139244192,0.07717047524582886,0.8928682064275685,5.991484729795341,Diatom
RCC4213,B,1,dilution_4,0.21499929754999997,61.30357142857142,32.69642857142857,22.392857142857142,0.01288002535699776,0.011500165139244192,0.07717047524582886,0.8928682064275685,5.991484729795341,Diatom
RCC4213,B,2,dilution_4,0.21499929754999997,59.640584415584414,32.22727272727273,22.75,0.01288002535699776,0.011500165139244192,0.07717047524582886,0.8928682064275685,5.991484729795341,Diatom
RCC4213,B,3,dilution_4,0.21499929754999997,59.08364661654135,32.69298245614035,22.29385964912281,0.01288002535699776,0.011500165139244192,0.07717047524582886,0.8928682064275685,5.991484729795341,Diatom
RCC4213,B,1,dilution_5,0.0429569026073926,3.107142857142853,3.982142857142857,-0.017857142857142856,0.01288002535699776,0.011500165139244192,0.07717047524582886,0.8928682064275685,5.991484729795341,Diatom
RCC4213,B,2,dilution_5,0.0429569026073926,2.5496753246753205,3.7,0.09545454545454546,0.01288002535699776,0.011500165139244192,0.07717047524582886,0.8928682064275685,5.991484729795341,Diatom
RCC4213,B,3,dilution_5,0.0429569026073926,2.8380325814536302,3.6052631578947367,-0.09210526315789473,0.01288002535699776,0.011500165139244192,0.07717047524582886,0.8928682064275685,5.991484729795341,Diatom
RCC4213,C,1,dilution_1,5.181636020000001,484.55357142857144,512.5,60.660714285714285,0.010950283169050858,0.010488246322625284,0.0855881838381246,0.9578059453538659,7.816070371588679,Diatom
RCC4213,C,2,dilution_1,5.181636020000001,449.7801948051948,464.06103896103895,55.95227272727273,0.010950283169050858,0.010488246322625284,0.0855881838381246,0.9578059453538659,7.816070371588679,Diatom
RCC4213,C,3,dilution_1,5.181636020000001,483.7789408866995,511.5049261083744,59.98706896551724,0.010950283169050858,0.010488246322625284,0.0855881838381246,0.9578059453538659,7.816070371588679,Diatom
RCC4213,C,1,dilution_2,0.9421156400000001,82.83928571428571,77.48214285714285,14.696428571428571,0.010950283169050858,0.010488246322625284,0.0855881838381246,0.9578059453538659,7.816070371588679,Diatom
RCC4213,C,2,dilution_2,0.9421156400000001,80.98928571428571,76.28285714285714,14.785,0.010950283169050858,0.010488246322625284,0.0855881838381246,0.9578059453538659,7.816070371588679,Diatom
RCC4213,C,3,dilution_2,0.9421156400000001,81.07315668202764,76.52995391705069,14.399193548387096,0.010950283169050858,0.010488246322625284,0.0855881838381246,0.9578059453538659,7.816070371588679,Diatom
RCC4213,C,1,dilution_3,0.47105782000000007,46.482142857142854,31.76785714285714,9.410714285714286,0.010950283169050858,0.010488246322625284,0.0855881838381246,0.9578059453538659,7.816070371588679,Diatom
RCC4213,C,2,dilution_3,0.47105782000000007,46.21655844155843,31.261038961038956,10.006818181818181,0.010950283169050858,0.010488246322625284,0.0855881838381246,0.9578059453538659,7.816070371588679,Diatom
RCC4213,C,3,dilution_3,0.47105782000000007,46.19642857142856,31.01785714285714,9.839285714285714,0.010950283169050858,0.010488246322625284,0.0855881838381246,0.9578059453538659,7.816070371588679,Diatom
RCC4213,C,1,dilution_4,0.23552891000000004,27.387531328320797,10.976190476190473,1.993421052631579,0.010950283169050858,0.010488246322625284,0.0855881838381246,0.9578059453538659,7.816070371588679,Diatom
RCC4213,C,2,dilution_4,0.23552891000000004,26.211236933797903,10.179442508710798,1.673780487804878,0.010950283169050858,0.010488246322625284,0.0855881838381246,0.9578059453538659,7.816070371588679,Diatom
RCC4213,C,3,dilution_4,0.23552891000000004,26.45098784194528,10.876899696048628,1.922872340425532,0.010950283169050858,0.010488246322625284,0.0855881838381246,0.9578059453538659,7.816070371588679,Diatom
RCC4213,C,1,dilution_5,0.04705872327672328,-4.250000000000006,-5.964285714285718,-1.2678571428571428,0.010950283169050858,0.010488246322625284,0.0855881838381246,0.9578059453538659,7.816070371588679,Diatom
RCC4213,C,2,dilution_5,0.04705872327672328,-4.952380952380959,-5.648809523809528,-0.6875,0.010950283169050858,0.010488246322625284,0.0855881838381246,0.9578059453538659,7.816070371588679,Diatom
RCC4213,C,3,dilution_5,0.04705872327672328,-3.950714285714292,-5.877142857142861,-0.8416666666666667,0.010950283169050858,0.010488246322625284,0.0855881838381246,0.9578059453538659,7.816070371588679,Diatom
RCC76,A,1,dilution_0,17.366887,661.6290726817043,679.5482456140351,98.05231829573935,0.02646802933027416,0.02612617005825443,0.18236466799875475,0.987084067810492,6.889997956522055,Diatom
RCC76,A,2,dilution_0,17.366887,664.3935514461831,668.6766239924134,97.66477003319109,0.02646802933027416,0.02612617005825443,0.18236466799875475,0.987084067810492,6.889997956522055,Diatom
RCC76,A,3,dilution_0,17.366887,641.117384370016,639.1527910685805,94.12472089314194,0.02646802933027416,0.02612617005825443,0.18236466799875475,0.987084067810492,6.889997956522055,Diatom
RCC76,A,1,dilution_1,5.2100661,203.4505012531328,211.81610275689223,23.766604010025066,0.02646802933027416,0.02612617005825443,0.18236466799875475,0.987084067810492,6.889997956522055,Diatom
RCC76,A,2,dilution_1,5.2100661,189.47004303210858,200.82654750082756,21.22111883482291,0.02646802933027416,0.02612617005825443,0.18236466799875475,0.987084067810492,6.889997956522055,Diatom
RCC76,A,3,dilution_1,5.2100661,189.11121553884712,200.99467418546368,21.105889724310778,0.02646802933027416,0.02612617005825443,0.18236466799875475,0.987084067810492,6.889997956522055,Diatom
RCC76,A,1,dilution_2,0.86834435,41.98621553884711,36.42324561403509,-0.8583959899749354,0.02646802933027416,0.02612617005825443,0.18236466799875475,0.987084067810492,6.889997956522055,Diatom
RCC76,A,2,dilution_2,0.86834435,41.4756335282651,36.927875243664715,-0.2446393762183216,0.02646802933027416,0.02612617005825443,0.18236466799875475,0.987084067810492,6.889997956522055,Diatom
RCC76,A,3,dilution_2,0.86834435,41.36283891547049,36.707336523125996,-1.2934609250398703,0.02646802933027416,0.02612617005825443,0.18236466799875475,0.987084067810492,6.889997956522055,Diatom
RCC76,A,1,dilution_4,0.17349537462537462,7.879072681704254,7.851817042606518,0.8558897243107789,0.02646802933027416,0.02612617005825443,0.18236466799875475,0.987084067810492,6.889997956522055,Diatom
RCC76,A,2,dilution_4,0.17349537462537462,8.450501253132826,7.530388471177946,0.8558897243107789,0.02646802933027416,0.02612617005825443,0.18236466799875475,0.987084067810492,6.889997956522055,Diatom
RCC76,A,3,dilution_4,0.17349537462537462,7.367167919799492,7.274436090225565,1.0463659147869695,0.02646802933027416,0.02612617005825443,0.18236466799875475,0.987084067810492,6.889997956522055,Diatom
RCC76,A,1,dilution_5,0.08679103948025987,19.34335839598997,4.61967418546366,-0.3226817042606496,0.02646802933027416,0.02612617005825443,0.18236466799875475,0.987084067810492,6.889997956522055,Diatom
RCC76,A,2,dilution_5,0.08679103948025987,19.527031865377722,4.604368063014681,-1.1951306838524864,0.02646802933027416,0.02612617005825443,0.18236466799875475,0.987084067810492,6.889997956522055,Diatom
RCC76,A,3,dilution_5,0.08679103948025987,18.55374800637958,4.334609250398725,-1.0207336523125976,0.02646802933027416,0.02612617005825443,0.18236466799875475,0.987084067810492,6.889997956522055,Diatom
RCC76,B,1,dilution_0,19.085539894999997,682.0508474576271,693.542372881356,93.22033898305085,0.028019320038927823,0.026948282284090068,0.18846595276452704,0.9617750268975214,6.726285737936801,Diatom
RCC76,B,2,dilution_0,19.085539894999997,669.4237288135594,681.1694915254237,91.83050847457626,0.028019320038927823,0.026948282284090068,0.18846595276452704,0.9617750268975214,6.726285737936801,Diatom
RCC76,B,3,dilution_0,19.085539894999997,663.3870967741935,675.736741388737,90.47184253690541,0.028019320038927823,0.026948282284090068,0.18846595276452704,0.9617750268975214,6.726285737936801,Diatom
RCC76,B,1,dilution_1,5.7256619685,219.59322033898306,220.01694915254237,29.54237288135593,0.028019320038927823,0.026948282284090068,0.18846595276452704,0.9617750268975214,6.726285737936801,Diatom
RCC76,B,2,dilution_1,5.7256619685,216.33898305084745,216.5593220338983,28.77966101694915,0.028019320038927823,0.026948282284090068,0.18846595276452704,0.9617750268975214,6.726285737936801,Diatom
RCC76,B,3,dilution_1,5.7256619685,216.140350877193,215.84002378828427,28.961938745168002,0.028019320038927823,0.026948282284090068,0.18846595276452704,0.9617750268975214,6.726285737936801,Diatom
RCC76,B,1,dilution_2,1.9085539894999999,90.89830508474576,84.20338983050848,27.01694915254237,0.028019320038927823,0.026948282284090068,0.18846595276452704,0.9617750268975214,6.726285737936801,Diatom
RCC76,B,2,dilution_2,1.9085539894999999,87.71186440677967,80.79661016949153,26.627118644067792,0.028019320038927823,0.026948282284090068,0.18846595276452704,0.9617750268975214,6.726285737936801,Diatom
RCC76,B,3,dilution_2,1.9085539894999999,87.54639175257732,80.353136466888,26.692993185392275,0.028019320038927823,0.026948282284090068,0.18846595276452704,0.9617750268975214,6.726285737936801,Diatom
RCC76,B,1,dilution_3,0.38094890009980037,-23.47457627118644,19.42372881355933,-15.864406779661019,0.028019320038927823,0.026948282284090068,0.18846595276452704,0.9617750268975214,6.726285737936801,Diatom
RCC76,B,2,dilution_3,0.38094890009980037,-25.322033898305083,16.55932203389831,-16.016949152542377,0.028019320038927823,0.026948282284090068,0.18846595276452704,0.9617750268975214,6.726285737936801,Diatom
RCC76,B,3,dilution_3,0.38094890009980037,-25.88,15.899322033898311,-16.23525423728814,0.028019320038927823,0.026948282284090068,0.18846595276452704,0.9617750268975214,6.726285737936801,Diatom
RCC76,B,1,dilution_4,0.09538000947026487,20.47457627118644,123.91525423728814,8.999999999999996,0.028019320038927823,0.026948282284090068,0.18846595276452704,0.9617750268975214,6.726285737936801,Diatom
RCC76,B,2,dilution_4,0.09538000947026487,20.338983050847457,123.28813559322035,9.576271186440675,0.028019320038927823,0.026948282284090068,0.18846595276452704,0.9617750268975214,6.726285737936801,Diatom
RCC76,B,3,dilution_4,0.09538000947026487,20.6734693877551,123.1715669318575,9.737806987201658,0.028019320038927823,0.026948282284090068,0.18846595276452704,0.9617750268975214,6.726285737936801,Diatom
RCC76,B,1,dilution_5,0.03816344710057988,-19.779661016949152,1.7457627118644132,15.728813559322031,0.028019320038927823,0.026948282284090068,0.18846595276452704,0.9617750268975214,6.726285737936801,Diatom
RCC76,B,2,dilution_5,0.03816344710057988,-17.983050847457626,-1.5423728813559257,1.0847457627118615,0.028019320038927823,0.026948282284090068,0.18846595276452704,0.9617750268975214,6.726285737936801,Diatom
RCC76,B,3,dilution_5,0.03816344710057988,-18.186046511627907,-2.370910524241223,0.5033504138746522,0.028019320038927823,0.026948282284090068,0.18846595276452704,0.9617750268975214,6.726285737936801,Diatom
RCC76,C,1,dilution_0,19.725775600000002,1167.75,1177.5892857142856,163.875,0.01732655061754487,0.017157750726006747,0.1215159834738577,0.9902577324671192,7.01328187913009,Diatom
RCC76,C,2,dilution_0,19.725775600000002,1109.2910052910051,1121.3128306878307,156.21626984126982,0.01732655061754487,0.017157750726006747,0.1215159834738577,0.9902577324671192,7.01328187913009,Diatom
RCC76,C,3,dilution_0,19.725775600000002,1112.051948051948,1123.7717532467532,157.04253246753245,0.01732655061754487,0.017157750726006747,0.1215159834738577,0.9902577324671192,7.01328187913009,Diatom
RCC76,C,1,dilution_1,4.9314439000000005,320.3007518796992,328.9044486215539,47.83615288220552,0.01732655061754487,0.017157750726006747,0.1215159834738577,0.9902577324671192,7.01328187913009,Diatom
RCC76,C,2,dilution_1,4.9314439000000005,314.4258760107816,311.7988544474394,44.79278975741241,0.01732655061754487,0.017157750726006747,0.1215159834738577,0.9902577324671192,7.01328187913009,Diatom
RCC76,C,3,dilution_1,4.9314439000000005,306.24285714285713,309.4869047619048,44.77738095238096,0.01732655061754487,0.017157750726006747,0.1215159834738577,0.9902577324671192,7.01328187913009,Diatom
RCC76,C,1,dilution_2,0.98628878,60.40601503759398,59.85181704260652,16.801065162907275,0.01732655061754487,0.017157750726006747,0.1215159834738577,0.9902577324671192,7.01328187913009,Diatom
RCC76,C,2,dilution_2,0.98628878,57.161038961038955,57.6262987012987,16.424350649350654,0.01732655061754487,0.017157750726006747,0.1215159834738577,0.9902577324671192,7.01328187913009,Diatom
RCC76,C,3,dilution_2,0.98628878,56.997695852534555,56.87615207373272,15.692972350230422,0.01732655061754487,0.017157750726006747,0.1215159834738577,0.9902577324671192,7.01328187913009,Diatom
RCC76,C,1,dilution_3,0.49314439,20.7064935064935,26.808116883116885,11.787987012987019,0.01732655061754487,0.017157750726006747,0.1215159834738577,0.9902577324671192,7.01328187913009,Diatom
RCC76,C,2,dilution_3,0.49314439,19.4047619047619,26.982142857142858,11.875000000000005,0.01732655061754487,0.017157750726006747,0.1215159834738577,0.9902577324671192,7.01328187913009,Diatom
RCC76,C,3,dilution_3,0.49314439,18.953201970443345,26.346674876847292,11.884852216748774,0.01732655061754487,0.017157750726006747,0.1215159834738577,0.9902577324671192,7.01328187913009,Diatom
RCC76,C,1,dilution_4,0.09853034765234765,4.982142857142853,3.892857142857145,7.017857142857149,0.01732655061754487,0.017157750726006747,0.1215159834738577,0.9902577324671192,7.01328187913009,Diatom
RCC76,C,2,dilution_4,0.09853034765234765,7.3167701863353996,3.7927018633540395,6.117236024844726,0.01732655061754487,0.017157750726006747,0.1215159834738577,0.9902577324671192,7.01328187913009,Diatom
RCC76,C,3,dilution_4,0.09853034765234765,7.967418546365911,4.623746867167922,6.257205513784467,0.01732655061754487,0.017157750726006747,0.1215159834738577,0.9902577324671192,7.01328187913009,Diatom
RCC76,C,1,dilution_5,0.024651056735816045,-10.857142857142861,-1.4113408521303237,-1.7427944862155327,0.01732655061754487,0.017157750726006747,0.1215159834738577,0.9902577324671192,7.01328187913009,Diatom
RCC76,C,2,dilution_5,0.024651056735816045,-10.752976190476195,-1.6339285714285694,-3.1934523809523747,0.01732655061754487,0.017157750726006747,0.1215159834738577,0.9902577324671192,7.01328187913009,Diatom
RCC76,C,3,dilution_5,0.024651056735816045,-10.76623376623377,-2.3555194805194786,-2.4756493506493444,0.01732655061754487,0.017157750726006747,0.1215159834738577,0.9902577324671192,7.01328187913009,Diatom
