date,time,e440,e470,e532,jsp,replicate,file,second,hms
NA,NA,NA,NA,NA,NA,NA,NA,NA,NA
2020-10-31,14:30:00,86,62,60,538,1,blanc.txt,1,0
2020-10-31,14:30:00,83,66,63,538,1,blanc.txt,2,0
2020-10-31,14:30:00,86,62,65,538,1,blanc.txt,3,0
2020-10-31,14:30:00,84,62,63,537,1,blanc.txt,4,0
2020-10-31,14:30:00,85,64,64,537,1,blanc.txt,5,0
2020-10-31,14:30:00,86,64,63,537,1,blanc.txt,6,0
2020-10-31,14:30:00,85,64,66,537,1,blanc.txt,7,0
2020-10-31,14:30:00,86,64,63,537,1,blanc.txt,8,0
2020-10-31,14:30:00,88,64,63,537,1,blanc.txt,9,0
2020-10-31,14:30:00,84,61,65,537,1,blanc.txt,10,0
2020-10-31,14:30:00,83,64,63,537,1,blanc.txt,11,0
2020-10-31,14:30:00,85,65,62,537,1,blanc.txt,12,0
2020-10-31,14:30:00,86,66,63,537,1,blanc.txt,13,0
2020-10-31,14:30:00,86,66,63,536,1,blanc.txt,14,0
2020-10-31,14:30:00,83,65,63,537,1,blanc.txt,15,0
2020-10-31,14:30:00,81,69,65,537,1,blanc.txt,16,0
2020-10-31,14:30:00,87,66,64,536,1,blanc.txt,17,0
2020-10-31,14:30:00,83,64,66,536,1,blanc.txt,18,0
2020-10-31,14:30:00,85,64,64,536,1,blanc.txt,19,0
2020-10-31,14:30:00,83,63,65,536,1,blanc.txt,20,0
2020-10-31,14:30:00,86,65,64,536,1,blanc.txt,21,0
2020-10-31,14:30:00,84,69,63,536,1,blanc.txt,22,0
2020-10-31,14:30:00,84,68,64,536,1,blanc.txt,23,0
2020-10-31,14:30:00,83,62,62,536,1,blanc.txt,24,0
2020-10-31,14:30:00,85,64,62,536,1,blanc.txt,25,0
2020-10-31,14:30:00,82,66,64,536,1,blanc.txt,26,0
2020-10-31,14:30:00,86,64,66,536,1,blanc.txt,27,0
2020-10-31,14:30:00,84,64,63,536,1,blanc.txt,28,0
2020-10-31,14:30:00,84,64,64,536,1,blanc.txt,29,0
2020-10-31,14:30:00,88,66,66,536,1,blanc.txt,30,0
2020-10-31,14:30:00,89,64,64,536,1,blanc.txt,31,0
2020-10-31,14:30:00,85,62,60,536,1,blanc.txt,32,0
2020-10-31,14:30:00,85,66,61,536,1,blanc.txt,33,0
2020-10-31,14:30:00,85,66,65,536,1,blanc.txt,34,0
2020-10-31,14:30:00,89,63,63,535,1,blanc.txt,35,0
2020-10-31,14:30:00,84,65,63,536,1,blanc.txt,36,0
2020-10-31,14:30:00,85,65,64,535,1,blanc.txt,37,0
2020-10-31,14:30:00,83,67,62,536,1,blanc.txt,38,0
2020-10-31,14:30:00,82,65,64,536,1,blanc.txt,39,0
2020-10-31,14:30:00,82,67,63,536,1,blanc.txt,40,0
2020-10-31,14:30:00,85,65,61,536,1,blanc.txt,41,0
2020-10-31,14:30:00,85,62,63,535,1,blanc.txt,42,0
2020-10-31,14:30:00,84,65,62,535,1,blanc.txt,43,0
2020-10-31,14:30:00,81,63,64,535,1,blanc.txt,44,0
2020-10-31,14:30:00,82,70,65,535,1,blanc.txt,45,0
2020-10-31,14:30:00,85,62,61,535,1,blanc.txt,46,0
2020-10-31,14:30:00,84,65,62,535,1,blanc.txt,47,0
2020-10-31,14:30:00,85,66,65,535,1,blanc.txt,48,0
2020-10-31,14:30:00,84,64,64,535,1,blanc.txt,49,0
2020-10-31,14:30:00,86,65,61,535,1,blanc.txt,50,0
2020-10-31,14:30:00,85,64,63,536,1,blanc.txt,51,0
2020-10-31,14:30:00,88,66,62,535,1,blanc.txt,52,0
2020-10-31,14:30:00,85,65,64,535,1,blanc.txt,53,0
2020-10-31,14:30:00,83,62,65,535,1,blanc.txt,54,0
2020-10-31,14:30:00,86,65,65,535,1,blanc.txt,55,0
2020-10-31,14:30:00,85,63,62,535,1,blanc.txt,56,0
2020-10-31,14:30:00,81,65,64,535,1,blanc.txt,57,0
2020-10-31,14:30:00,86,65,64,535,1,blanc.txt,58,0
2020-10-31,14:30:00,83,66,64,638,1,blanc.txt,59,0
2020-11-06,14:46:45,297,341,109,541,1,dilution_1.txt,0,45
2020-11-06,14:46:46,290,336,106,540,1,dilution_1.txt,1,46
2020-11-06,14:46:47,286,335,105,540,1,dilution_1.txt,2,47
2020-11-06,14:46:48,292,339,106,540,1,dilution_1.txt,3,48
2020-11-06,14:46:49,299,350,108,540,1,dilution_1.txt,4,49
2020-11-06,14:46:50,294,347,103,539,1,dilution_1.txt,5,50
2020-11-06,14:46:51,295,342,106,539,1,dilution_1.txt,6,51
2020-11-06,14:46:53,287,333,105,539,1,dilution_1.txt,8,53
2020-11-06,14:46:54,289,333,107,539,1,dilution_1.txt,9,54
2020-11-06,14:46:55,292,335,106,539,1,dilution_1.txt,10,55
2020-11-06,14:46:56,297,349,105,539,1,dilution_1.txt,11,56
2020-11-06,14:46:57,287,333,110,539,1,dilution_1.txt,12,57
2020-11-06,14:46:58,288,332,105,539,1,dilution_1.txt,13,58
2020-11-06,14:46:59,301,348,103,539,1,dilution_1.txt,14,59
2020-11-06,14:47:00,291,341,106,539,1,dilution_1.txt,15,0
2020-11-06,14:47:01,288,331,106,539,1,dilution_1.txt,16,1
2020-11-06,14:47:02,292,334,108,539,1,dilution_1.txt,17,2
2020-11-06,14:47:03,288,337,107,539,1,dilution_1.txt,18,3
2020-11-06,14:47:04,292,340,107,539,1,dilution_1.txt,19,4
2020-11-06,14:47:05,294,337,109,539,1,dilution_1.txt,20,5
2020-11-06,14:47:06,294,344,104,539,1,dilution_1.txt,21,6
2020-11-06,14:47:07,295,344,108,539,1,dilution_1.txt,22,7
2020-11-06,14:47:09,293,343,108,539,1,dilution_1.txt,24,9
2020-11-06,14:47:10,292,341,105,539,1,dilution_1.txt,25,10
2020-11-06,14:47:11,292,332,106,539,1,dilution_1.txt,26,11
2020-11-06,14:47:12,293,335,106,539,1,dilution_1.txt,27,12
2020-11-06,14:47:13,297,346,106,538,1,dilution_1.txt,28,13
2020-11-06,14:47:14,301,355,105,538,1,dilution_1.txt,29,14
2020-11-06,14:47:15,297,344,106,538,1,dilution_1.txt,30,15
2020-11-06,14:47:16,293,339,107,538,1,dilution_1.txt,31,16
2020-11-06,14:47:17,291,334,106,538,1,dilution_1.txt,32,17
2020-11-06,14:47:18,287,329,103,538,1,dilution_1.txt,33,18
2020-11-06,14:47:19,290,328,108,538,1,dilution_1.txt,34,19
2020-11-06,14:47:20,293,338,104,538,1,dilution_1.txt,35,20
2020-11-06,14:47:21,294,339,103,538,1,dilution_1.txt,36,21
2020-11-06,14:47:22,297,347,111,538,1,dilution_1.txt,37,22
2020-11-06,14:47:24,299,344,107,538,1,dilution_1.txt,39,24
2020-11-06,14:47:25,295,343,109,538,1,dilution_1.txt,40,25
2020-11-06,14:47:26,295,342,104,538,1,dilution_1.txt,41,26
2020-11-06,14:47:27,299,345,109,538,1,dilution_1.txt,42,27
2020-11-06,14:47:28,295,343,107,538,1,dilution_1.txt,43,28
2020-11-06,14:47:29,298,347,105,538,1,dilution_1.txt,44,29
2020-11-06,14:47:30,302,345,107,538,1,dilution_1.txt,45,30
2020-11-06,14:47:31,298,346,105,538,1,dilution_1.txt,46,31
2020-11-06,14:47:32,303,348,107,538,1,dilution_1.txt,47,32
2020-11-06,14:47:33,299,344,105,538,1,dilution_1.txt,48,33
2020-11-06,14:47:34,296,341,108,538,1,dilution_1.txt,49,34
2020-11-06,14:47:35,295,343,104,538,1,dilution_1.txt,50,35
2020-11-06,14:47:36,296,348,105,538,1,dilution_1.txt,51,36
2020-11-06,14:47:37,300,352,108,538,1,dilution_1.txt,52,37
2020-11-06,14:47:38,299,351,107,538,1,dilution_1.txt,53,38
2020-11-06,14:47:40,296,345,107,538,1,dilution_1.txt,55,40
2020-11-06,14:47:41,302,348,112,538,1,dilution_1.txt,56,41
2020-11-06,14:47:42,291,339,105,538,1,dilution_1.txt,57,42
2020-11-06,14:47:43,296,341,108,538,1,dilution_1.txt,58,43
2020-11-06,14:47:44,296,348,108,538,1,dilution_1.txt,59,44
2020-11-06,14:49:46,299,348,104,540,2,dilution_1.txt,181,46
2020-11-06,14:49:47,292,335,105,539,2,dilution_1.txt,182,47
2020-11-06,14:49:49,293,345,108,539,2,dilution_1.txt,184,49
2020-11-06,14:49:50,298,341,106,539,2,dilution_1.txt,185,50
2020-11-06,14:49:51,300,349,103,539,2,dilution_1.txt,186,51
2020-11-06,14:49:52,295,341,109,539,2,dilution_1.txt,187,52
2020-11-06,14:49:53,296,337,106,539,2,dilution_1.txt,188,53
2020-11-06,14:49:54,290,340,108,538,2,dilution_1.txt,189,54
2020-11-06,14:49:55,296,346,108,539,2,dilution_1.txt,190,55
2020-11-06,14:49:56,296,345,106,538,2,dilution_1.txt,191,56
2020-11-06,14:49:57,296,343,107,538,2,dilution_1.txt,192,57
2020-11-06,14:49:58,299,341,104,538,2,dilution_1.txt,193,58
2020-11-06,14:49:59,285,328,107,538,2,dilution_1.txt,194,59
2020-11-06,14:50:00,284,327,103,538,2,dilution_1.txt,195,0
2020-11-06,14:50:01,288,331,105,538,2,dilution_1.txt,196,1
2020-11-06,14:50:02,295,342,108,538,2,dilution_1.txt,197,2
2020-11-06,14:50:03,295,344,106,538,2,dilution_1.txt,198,3
2020-11-06,14:50:05,288,336,105,538,2,dilution_1.txt,200,5
2020-11-06,14:50:06,293,335,106,538,2,dilution_1.txt,201,6
2020-11-06,14:50:07,294,342,106,538,2,dilution_1.txt,202,7
2020-11-06,14:50:08,296,348,108,538,2,dilution_1.txt,203,8
2020-11-06,14:50:09,298,344,104,538,2,dilution_1.txt,204,9
2020-11-06,14:50:10,295,346,106,538,2,dilution_1.txt,205,10
2020-11-06,14:50:11,298,341,109,538,2,dilution_1.txt,206,11
2020-11-06,14:50:12,296,344,105,538,2,dilution_1.txt,207,12
2020-11-06,14:50:13,296,345,108,538,2,dilution_1.txt,208,13
2020-11-06,14:50:14,289,334,106,538,2,dilution_1.txt,209,14
2020-11-06,14:50:15,293,336,108,538,2,dilution_1.txt,210,15
2020-11-06,14:50:16,293,336,104,538,2,dilution_1.txt,211,16
2020-11-06,14:50:17,295,338,103,538,2,dilution_1.txt,212,17
2020-11-06,14:50:18,293,339,107,538,2,dilution_1.txt,213,18
2020-11-06,14:50:20,292,337,104,537,2,dilution_1.txt,215,20
2020-11-06,14:50:21,292,336,105,538,2,dilution_1.txt,216,21
2020-11-06,14:50:22,295,343,108,537,2,dilution_1.txt,217,22
2020-11-06,14:50:23,299,348,107,537,2,dilution_1.txt,218,23
2020-11-06,14:50:24,300,347,105,537,2,dilution_1.txt,219,24
2020-11-06,14:50:25,297,342,107,537,2,dilution_1.txt,220,25
2020-11-06,14:50:26,296,342,106,537,2,dilution_1.txt,221,26
2020-11-06,14:50:27,299,343,106,537,2,dilution_1.txt,222,27
2020-11-06,14:50:28,289,336,105,537,2,dilution_1.txt,223,28
2020-11-06,14:50:29,291,337,108,537,2,dilution_1.txt,224,29
2020-11-06,14:50:30,289,331,103,537,2,dilution_1.txt,225,30
2020-11-06,14:50:31,291,332,109,537,2,dilution_1.txt,226,31
2020-11-06,14:50:32,288,334,107,537,2,dilution_1.txt,227,32
2020-11-06,14:50:33,297,345,108,537,2,dilution_1.txt,228,33
2020-11-06,14:50:35,292,340,107,537,2,dilution_1.txt,230,35
2020-11-06,14:50:36,298,341,106,537,2,dilution_1.txt,231,36
2020-11-06,14:50:37,301,345,105,537,2,dilution_1.txt,232,37
2020-11-06,14:50:38,296,348,108,537,2,dilution_1.txt,233,38
2020-11-06,14:50:39,300,351,108,537,2,dilution_1.txt,234,39
2020-11-06,14:50:40,298,346,109,537,2,dilution_1.txt,235,40
2020-11-06,14:50:41,295,338,108,537,2,dilution_1.txt,236,41
2020-11-06,14:50:42,289,333,106,537,2,dilution_1.txt,237,42
2020-11-06,14:50:43,287,330,107,537,2,dilution_1.txt,238,43
2020-11-06,14:50:44,299,339,107,537,2,dilution_1.txt,239,44
2020-11-06,14:52:46,298,346,109,539,3,dilution_1.txt,361,46
2020-11-06,14:52:47,295,344,105,539,3,dilution_1.txt,362,47
2020-11-06,14:52:48,297,349,109,539,3,dilution_1.txt,363,48
2020-11-06,14:52:49,300,346,106,539,3,dilution_1.txt,364,49
2020-11-06,14:52:50,292,333,105,538,3,dilution_1.txt,365,50
2020-11-06,14:52:51,294,338,110,538,3,dilution_1.txt,366,51
2020-11-06,14:52:52,294,339,107,538,3,dilution_1.txt,367,52
2020-11-06,14:52:53,300,350,107,538,3,dilution_1.txt,368,53
2020-11-06,14:52:54,297,341,108,538,3,dilution_1.txt,369,54
2020-11-06,14:52:56,302,350,107,538,3,dilution_1.txt,371,56
2020-11-06,14:52:57,299,348,109,538,3,dilution_1.txt,372,57
2020-11-06,14:52:58,299,345,107,538,3,dilution_1.txt,373,58
2020-11-06,14:52:59,292,337,104,538,3,dilution_1.txt,374,59
2020-11-06,14:53:00,290,333,107,538,3,dilution_1.txt,375,0
2020-11-06,14:53:01,292,330,106,538,3,dilution_1.txt,376,1
2020-11-06,14:53:02,292,337,109,537,3,dilution_1.txt,377,2
2020-11-06,14:53:03,293,337,106,537,3,dilution_1.txt,378,3
2020-11-06,14:53:04,296,340,107,537,3,dilution_1.txt,379,4
2020-11-06,14:53:05,299,343,107,537,3,dilution_1.txt,380,5
2020-11-06,14:53:06,298,346,105,537,3,dilution_1.txt,381,6
2020-11-06,14:53:07,298,346,106,537,3,dilution_1.txt,382,7
2020-11-06,14:53:08,303,349,107,537,3,dilution_1.txt,383,8
2020-11-06,14:53:09,297,339,107,537,3,dilution_1.txt,384,9
2020-11-06,14:53:10,298,344,106,537,3,dilution_1.txt,385,10
2020-11-06,14:53:12,297,339,106,537,3,dilution_1.txt,387,12
2020-11-06,14:53:13,300,343,108,537,3,dilution_1.txt,388,13
2020-11-06,14:53:14,300,351,108,537,3,dilution_1.txt,389,14
2020-11-06,14:53:15,295,341,103,537,3,dilution_1.txt,390,15
2020-11-06,14:53:16,291,334,99,537,3,dilution_1.txt,391,16
2020-11-06,14:53:17,298,349,106,537,3,dilution_1.txt,392,17
2020-11-06,14:53:18,299,348,107,537,3,dilution_1.txt,393,18
2020-11-06,14:53:19,291,332,104,537,3,dilution_1.txt,394,19
2020-11-06,14:53:20,299,346,107,537,3,dilution_1.txt,395,20
2020-11-06,14:53:21,299,346,108,537,3,dilution_1.txt,396,21
2020-11-06,14:53:22,300,348,109,537,3,dilution_1.txt,397,22
2020-11-06,14:53:23,304,354,106,537,3,dilution_1.txt,398,23
2020-11-06,14:53:24,305,356,106,537,3,dilution_1.txt,399,24
2020-11-06,14:53:25,294,341,107,537,3,dilution_1.txt,400,25
2020-11-06,14:53:27,302,347,106,537,3,dilution_1.txt,402,27
2020-11-06,14:53:28,298,343,105,537,3,dilution_1.txt,403,28
2020-11-06,14:53:29,295,333,105,537,3,dilution_1.txt,404,29
2020-11-06,14:53:30,288,333,104,537,3,dilution_1.txt,405,30
2020-11-06,14:53:31,288,330,103,537,3,dilution_1.txt,406,31
2020-11-06,14:53:32,292,336,104,537,3,dilution_1.txt,407,32
2020-11-06,14:53:33,297,342,108,537,3,dilution_1.txt,408,33
2020-11-06,14:53:34,297,339,108,537,3,dilution_1.txt,409,34
2020-11-06,14:53:35,295,338,108,537,3,dilution_1.txt,410,35
2020-11-06,14:53:36,298,341,110,537,3,dilution_1.txt,411,36
2020-11-06,14:53:37,291,336,105,537,3,dilution_1.txt,412,37
2020-11-06,14:53:38,295,341,106,537,3,dilution_1.txt,413,38
2020-11-06,14:53:39,303,347,109,537,3,dilution_1.txt,414,39
2020-11-06,14:53:40,299,343,106,536,3,dilution_1.txt,415,40
2020-11-06,14:53:41,298,342,108,537,3,dilution_1.txt,416,41
2020-11-06,14:53:43,292,343,107,536,3,dilution_1.txt,418,43
2020-11-06,14:53:44,296,344,107,536,3,dilution_1.txt,419,44
2020-11-06,14:53:45,292,339,106,536,3,dilution_1.txt,420,45
2020-11-06,14:53:46,298,344,109,536,3,dilution_1.txt,421,46
2020-11-06,14:53:47,302,348,108,536,3,dilution_1.txt,422,47
2020-11-06,14:53:48,303,353,103,536,3,dilution_1.txt,423,48
2020-11-06,14:53:49,304,354,111,536,3,dilution_1.txt,424,49
2020-11-06,14:53:50,303,352,107,536,3,dilution_1.txt,425,50
2020-11-06,14:53:51,308,356,113,536,3,dilution_1.txt,426,51
2020-11-06,14:53:52,291,335,108,536,3,dilution_1.txt,427,52
2020-11-06,14:53:53,297,344,108,536,3,dilution_1.txt,428,53
2020-11-06,14:53:54,299,348,106,536,3,dilution_1.txt,429,54
2020-11-06,14:53:55,300,344,110,536,3,dilution_1.txt,430,55
2020-11-06,14:53:56,291,334,105,536,3,dilution_1.txt,431,56
2020-11-06,14:53:58,296,337,109,536,3,dilution_1.txt,433,58
2020-11-06,14:53:59,298,341,110,536,3,dilution_1.txt,434,59
2020-11-06,14:54:00,300,352,108,536,3,dilution_1.txt,435,0
2020-11-06,14:54:01,293,341,106,536,3,dilution_1.txt,436,1
2020-11-06,14:54:02,296,342,106,536,3,dilution_1.txt,437,2
2020-10-31,14:30:00,186,134,99,538,1,dilution_2.txt,1,0
2020-10-31,14:30:00,184,133,95,537,1,dilution_2.txt,2,0
2020-10-31,14:30:00,189,142,95,537,1,dilution_2.txt,3,0
2020-10-31,14:30:00,186,139,96,537,1,dilution_2.txt,4,0
2020-10-31,14:30:00,185,139,96,537,1,dilution_2.txt,5,0
2020-10-31,14:30:00,188,141,94,537,1,dilution_2.txt,6,0
2020-10-31,14:30:00,184,138,95,537,1,dilution_2.txt,7,0
2020-10-31,14:30:00,185,142,96,537,1,dilution_2.txt,8,0
2020-10-31,14:30:00,186,136,90,536,1,dilution_2.txt,9,0
2020-10-31,14:30:00,191,140,98,536,1,dilution_2.txt,10,0
2020-10-31,14:30:00,188,137,95,536,1,dilution_2.txt,11,0
2020-10-31,14:30:00,190,140,98,537,1,dilution_2.txt,12,0
2020-10-31,14:30:00,190,141,97,536,1,dilution_2.txt,13,0
2020-10-31,14:30:00,189,142,97,536,1,dilution_2.txt,14,0
2020-10-31,14:30:00,184,138,95,536,1,dilution_2.txt,15,0
2020-10-31,14:30:00,191,138,97,536,1,dilution_2.txt,16,0
2020-10-31,14:30:00,185,138,94,536,1,dilution_2.txt,17,0
2020-10-31,14:30:00,188,137,94,536,1,dilution_2.txt,18,0
2020-10-31,14:30:00,188,142,95,536,1,dilution_2.txt,19,0
2020-10-31,14:30:00,191,140,96,536,1,dilution_2.txt,20,0
2020-10-31,14:30:00,194,146,97,536,1,dilution_2.txt,21,0
2020-10-31,14:30:00,188,143,96,536,1,dilution_2.txt,22,0
2020-10-31,14:30:00,188,142,99,536,1,dilution_2.txt,23,0
2020-10-31,14:30:00,188,142,97,536,1,dilution_2.txt,24,0
2020-10-31,14:30:00,186,142,96,536,1,dilution_2.txt,25,0
2020-10-31,14:30:00,190,138,96,536,1,dilution_2.txt,26,0
2020-10-31,14:30:00,185,136,97,536,1,dilution_2.txt,27,0
2020-10-31,14:30:00,188,140,95,536,1,dilution_2.txt,28,0
2020-10-31,14:30:00,183,135,95,536,1,dilution_2.txt,29,0
2020-10-31,14:30:00,184,140,96,536,1,dilution_2.txt,30,0
2020-10-31,14:30:00,188,137,97,536,1,dilution_2.txt,31,0
2020-10-31,14:30:00,189,140,92,536,1,dilution_2.txt,32,0
2020-10-31,14:30:00,188,140,100,536,1,dilution_2.txt,33,0
2020-10-31,14:30:00,189,142,94,536,1,dilution_2.txt,34,0
2020-10-31,14:30:00,190,142,97,536,1,dilution_2.txt,35,0
2020-10-31,14:30:00,188,140,96,536,1,dilution_2.txt,36,0
2020-10-31,14:30:00,190,144,95,536,1,dilution_2.txt,37,0
2020-10-31,14:30:00,191,146,95,536,1,dilution_2.txt,38,0
2020-10-31,14:30:00,187,143,96,536,1,dilution_2.txt,39,0
2020-10-31,14:30:00,187,142,98,536,1,dilution_2.txt,40,0
2020-10-31,14:30:00,186,139,92,536,1,dilution_2.txt,41,0
2020-10-31,14:30:00,187,139,96,536,1,dilution_2.txt,42,0
2020-10-31,14:30:00,186,139,97,536,1,dilution_2.txt,43,0
2020-10-31,14:30:00,189,141,91,536,1,dilution_2.txt,44,0
2020-10-31,14:30:00,190,141,98,536,1,dilution_2.txt,45,0
2020-10-31,14:30:00,184,140,95,536,1,dilution_2.txt,46,0
2020-10-31,14:30:00,188,141,97,536,1,dilution_2.txt,47,0
2020-10-31,14:30:00,186,137,94,535,1,dilution_2.txt,48,0
2020-10-31,14:30:00,188,139,98,536,1,dilution_2.txt,49,0
2020-10-31,14:30:00,182,134,96,536,1,dilution_2.txt,50,0
2020-10-31,14:30:00,185,139,97,535,1,dilution_2.txt,51,0
2020-10-31,14:30:00,187,140,95,535,1,dilution_2.txt,52,0
2020-10-31,14:30:00,189,139,97,535,1,dilution_2.txt,53,0
2020-10-31,14:30:00,186,140,96,535,1,dilution_2.txt,54,0
2020-10-31,14:30:00,184,134,95,535,1,dilution_2.txt,55,0
2020-10-31,14:30:00,189,139,93,536,1,dilution_2.txt,56,0
2020-10-31,14:30:00,187,140,96,535,1,dilution_2.txt,57,0
2020-10-31,14:30:00,184,134,93,535,1,dilution_2.txt,58,0
2020-10-31,14:30:00,188,140,98,535,1,dilution_2.txt,59,0
2020-10-31,14:30:00,188,144,92,535,2,dilution_2.txt,61,0
2020-10-31,14:30:00,187,142,99,535,2,dilution_2.txt,62,0
2020-10-31,14:30:00,186,138,97,659,2,dilution_2.txt,63,0
2020-10-31,14:30:00,187,141,92,538,2,dilution_2.txt,64,0
2020-10-31,14:30:00,184,136,97,538,2,dilution_2.txt,65,0
2020-10-31,14:30:00,184,139,94,538,2,dilution_2.txt,66,0
2020-10-31,14:30:00,185,137,93,538,2,dilution_2.txt,67,0
2020-10-31,14:30:00,186,138,95,537,2,dilution_2.txt,68,0
2020-10-31,14:30:00,185,139,96,537,2,dilution_2.txt,69,0
2020-10-31,14:30:00,182,139,96,537,2,dilution_2.txt,70,0
2020-10-31,14:30:00,187,141,97,537,2,dilution_2.txt,71,0
2020-10-31,14:30:00,182,135,96,537,2,dilution_2.txt,72,0
2020-10-31,14:30:00,183,138,95,537,2,dilution_2.txt,73,0
2020-10-31,14:30:00,185,140,96,537,2,dilution_2.txt,74,0
2020-10-31,14:30:00,189,142,96,537,2,dilution_2.txt,75,0
2020-10-31,14:30:00,190,143,95,537,2,dilution_2.txt,76,0
2020-10-31,14:30:00,188,139,98,537,2,dilution_2.txt,77,0
2020-10-31,14:30:00,185,139,95,537,2,dilution_2.txt,78,0
2020-10-31,14:30:00,182,138,97,537,2,dilution_2.txt,79,0
2020-10-31,14:30:00,184,135,95,537,2,dilution_2.txt,80,0
2020-10-31,14:30:00,188,138,95,536,2,dilution_2.txt,81,0
2020-10-31,14:30:00,186,142,95,537,2,dilution_2.txt,82,0
2020-10-31,14:30:00,183,138,93,536,2,dilution_2.txt,83,0
2020-10-31,14:30:00,183,136,97,536,2,dilution_2.txt,84,0
2020-10-31,14:30:00,183,136,94,536,2,dilution_2.txt,85,0
2020-10-31,14:30:00,185,133,95,537,2,dilution_2.txt,86,0
2020-10-31,14:30:00,183,137,92,537,2,dilution_2.txt,87,0
2020-10-31,14:30:00,185,134,94,536,2,dilution_2.txt,88,0
2020-10-31,14:30:00,185,142,93,536,2,dilution_2.txt,89,0
2020-10-31,14:30:00,187,144,96,536,2,dilution_2.txt,90,0
2020-10-31,14:30:00,183,137,97,536,2,dilution_2.txt,91,0
2020-10-31,14:30:00,185,136,94,536,2,dilution_2.txt,92,0
2020-10-31,14:30:00,180,139,93,536,2,dilution_2.txt,93,0
2020-10-31,14:30:00,188,142,94,536,2,dilution_2.txt,94,0
2020-10-31,14:30:00,187,140,98,536,2,dilution_2.txt,95,0
2020-10-31,14:30:00,184,137,100,536,2,dilution_2.txt,96,0
2020-10-31,14:30:00,182,138,94,536,2,dilution_2.txt,97,0
2020-10-31,14:30:00,183,140,95,536,2,dilution_2.txt,98,0
2020-10-31,14:30:00,186,137,92,536,2,dilution_2.txt,99,0
2020-10-31,14:30:00,186,141,98,536,2,dilution_2.txt,100,0
2020-10-31,14:30:00,186,139,95,536,2,dilution_2.txt,101,0
2020-10-31,14:30:00,185,140,96,536,2,dilution_2.txt,102,0
2020-10-31,14:30:00,190,144,93,536,2,dilution_2.txt,103,0
2020-10-31,14:30:00,192,145,97,536,2,dilution_2.txt,104,0
2020-10-31,14:30:00,190,143,94,536,2,dilution_2.txt,105,0
2020-10-31,14:30:00,183,136,94,536,2,dilution_2.txt,106,0
2020-10-31,14:30:00,187,140,95,539,2,dilution_2.txt,107,0
2020-10-31,14:30:00,187,140,99,538,2,dilution_2.txt,108,0
2020-10-31,14:30:00,187,139,96,538,2,dilution_2.txt,109,0
2020-10-31,14:30:00,185,136,95,538,2,dilution_2.txt,110,0
2020-10-31,14:30:00,182,138,95,538,2,dilution_2.txt,111,0
2020-10-31,14:30:00,186,140,94,537,2,dilution_2.txt,112,0
2020-10-31,14:30:00,187,139,96,537,2,dilution_2.txt,113,0
2020-10-31,14:30:00,185,138,96,537,2,dilution_2.txt,114,0
2020-10-31,14:30:00,183,139,91,537,2,dilution_2.txt,115,0
2020-10-31,14:30:00,185,135,94,537,2,dilution_2.txt,116,0
2020-10-31,14:30:00,188,143,96,537,2,dilution_2.txt,117,0
2020-10-31,14:30:00,179,133,94,537,2,dilution_2.txt,118,0
2020-10-31,14:30:00,184,138,98,537,2,dilution_2.txt,119,0
2020-10-31,14:30:00,184,138,95,537,3,dilution_2.txt,121,0
2020-10-31,14:30:00,185,137,93,537,3,dilution_2.txt,122,0
2020-10-31,14:30:00,184,139,95,537,3,dilution_2.txt,123,0
2020-10-31,14:30:00,185,137,99,537,3,dilution_2.txt,124,0
2020-10-31,14:30:00,191,142,96,537,3,dilution_2.txt,125,0
2020-10-31,14:30:00,189,138,96,537,3,dilution_2.txt,126,0
2020-10-31,14:30:00,188,148,98,537,3,dilution_2.txt,127,0
2020-10-31,14:30:00,182,138,93,537,3,dilution_2.txt,128,0
2020-10-31,14:30:00,186,142,99,536,3,dilution_2.txt,129,0
2020-10-31,14:30:00,187,141,95,536,3,dilution_2.txt,130,0
2020-10-31,14:30:00,182,137,93,536,3,dilution_2.txt,131,0
2020-10-31,14:30:00,190,137,95,536,3,dilution_2.txt,132,0
2020-10-31,14:30:00,187,140,98,536,3,dilution_2.txt,133,0
2020-10-31,14:30:00,186,144,97,537,3,dilution_2.txt,134,0
2020-10-31,14:30:00,191,143,99,536,3,dilution_2.txt,135,0
2020-10-31,14:30:00,187,139,95,536,3,dilution_2.txt,136,0
2020-10-31,14:30:00,184,142,92,536,3,dilution_2.txt,137,0
2020-10-31,14:30:00,189,145,95,536,3,dilution_2.txt,138,0
2020-10-31,14:30:00,186,142,99,536,3,dilution_2.txt,139,0
2020-10-31,14:30:00,187,136,93,536,3,dilution_2.txt,140,0
2020-10-31,14:30:00,188,140,94,536,3,dilution_2.txt,141,0
2020-10-31,14:30:00,183,137,94,536,3,dilution_2.txt,142,0
2020-10-31,14:30:00,186,137,94,536,3,dilution_2.txt,143,0
2020-10-31,14:30:00,185,136,96,536,3,dilution_2.txt,144,0
2020-10-31,14:30:00,184,140,92,536,3,dilution_2.txt,145,0
2020-10-31,14:30:00,186,138,93,536,3,dilution_2.txt,146,0
2020-10-31,14:30:00,190,137,96,536,3,dilution_2.txt,147,0
2020-10-31,14:30:00,185,136,91,536,3,dilution_2.txt,148,0
2020-10-31,14:30:00,186,138,95,536,3,dilution_2.txt,149,0
2020-10-31,14:30:00,185,139,93,536,3,dilution_2.txt,150,0
2020-10-31,14:30:00,184,135,95,536,3,dilution_2.txt,151,0
2020-10-31,14:30:00,185,142,96,536,3,dilution_2.txt,152,0
2020-10-31,14:30:00,184,139,96,536,3,dilution_2.txt,153,0
2020-10-31,14:30:00,184,136,95,536,3,dilution_2.txt,154,0
2020-10-31,14:30:00,181,141,95,536,3,dilution_2.txt,155,0
2020-10-31,14:30:00,184,134,96,536,3,dilution_2.txt,156,0
2020-10-31,14:30:00,184,137,96,536,3,dilution_2.txt,157,0
2020-10-31,14:30:00,186,140,94,536,3,dilution_2.txt,158,0
2020-10-31,14:30:00,185,137,100,536,3,dilution_2.txt,159,0
2020-10-31,14:30:00,188,145,93,536,3,dilution_2.txt,160,0
2020-10-31,14:30:00,186,140,95,536,3,dilution_2.txt,161,0
2020-10-31,14:30:00,186,140,95,536,3,dilution_2.txt,162,0
2020-10-31,14:30:00,186,137,93,536,3,dilution_2.txt,163,0
2020-10-31,14:30:00,187,139,97,536,3,dilution_2.txt,164,0
2020-10-31,14:30:00,188,142,93,536,3,dilution_2.txt,165,0
2020-10-31,14:30:00,185,141,98,625,3,dilution_2.txt,166,0
2020-10-31,14:30:00,118,76,81,539,1,dilution_3.txt,1,0
2020-10-31,14:30:00,119,82,80,539,1,dilution_3.txt,2,0
2020-10-31,14:30:00,123,80,81,539,1,dilution_3.txt,3,0
2020-10-31,14:30:00,116,80,80,539,1,dilution_3.txt,4,0
2020-10-31,14:30:00,121,84,84,538,1,dilution_3.txt,5,0
2020-10-31,14:30:00,120,83,81,538,1,dilution_3.txt,6,0
2020-10-31,14:30:00,125,85,84,538,1,dilution_3.txt,7,0
2020-10-31,14:30:00,123,85,82,538,1,dilution_3.txt,8,0
2020-10-31,14:30:00,122,87,82,538,1,dilution_3.txt,9,0
2020-10-31,14:30:00,121,86,83,538,1,dilution_3.txt,10,0
2020-10-31,14:30:00,122,88,85,538,1,dilution_3.txt,11,0
2020-10-31,14:30:00,128,89,79,538,1,dilution_3.txt,12,0
2020-10-31,14:30:00,123,90,81,538,1,dilution_3.txt,13,0
2020-10-31,14:30:00,125,88,83,538,1,dilution_3.txt,14,0
2020-10-31,14:30:00,130,94,83,537,1,dilution_3.txt,15,0
2020-10-31,14:30:00,123,91,77,538,1,dilution_3.txt,16,0
2020-10-31,14:30:00,126,93,82,537,1,dilution_3.txt,17,0
2020-10-31,14:30:00,127,91,79,537,1,dilution_3.txt,18,0
2020-10-31,14:30:00,125,85,85,537,1,dilution_3.txt,19,0
2020-10-31,14:30:00,122,87,78,537,1,dilution_3.txt,20,0
2020-10-31,14:30:00,125,82,84,537,1,dilution_3.txt,21,0
2020-10-31,14:30:00,122,84,77,537,1,dilution_3.txt,22,0
2020-10-31,14:30:00,121,84,81,537,1,dilution_3.txt,23,0
2020-10-31,14:30:00,125,86,78,537,1,dilution_3.txt,24,0
2020-10-31,14:30:00,121,86,80,537,1,dilution_3.txt,25,0
2020-10-31,14:30:00,125,88,80,537,1,dilution_3.txt,26,0
2020-10-31,14:30:00,121,84,83,537,1,dilution_3.txt,27,0
2020-10-31,14:30:00,121,85,81,537,1,dilution_3.txt,28,0
2020-10-31,14:30:00,121,83,82,537,1,dilution_3.txt,29,0
2020-10-31,14:30:00,128,83,79,537,1,dilution_3.txt,30,0
2020-10-31,14:30:00,121,82,80,537,1,dilution_3.txt,31,0
2020-10-31,14:30:00,126,85,80,537,1,dilution_3.txt,32,0
2020-10-31,14:30:00,124,82,83,537,1,dilution_3.txt,33,0
2020-10-31,14:30:00,130,84,82,537,1,dilution_3.txt,34,0
2020-10-31,14:30:00,127,84,81,537,1,dilution_3.txt,35,0
2020-10-31,14:30:00,127,88,78,537,1,dilution_3.txt,36,0
2020-10-31,14:30:00,126,87,80,537,1,dilution_3.txt,37,0
2020-10-31,14:30:00,125,81,82,537,1,dilution_3.txt,38,0
2020-10-31,14:30:00,127,81,83,537,1,dilution_3.txt,39,0
2020-10-31,14:30:00,126,84,80,537,1,dilution_3.txt,40,0
2020-10-31,14:30:00,123,78,81,536,1,dilution_3.txt,41,0
2020-10-31,14:30:00,124,83,80,537,1,dilution_3.txt,42,0
2020-10-31,14:30:00,123,84,80,536,1,dilution_3.txt,43,0
2020-10-31,14:30:00,124,86,82,536,1,dilution_3.txt,44,0
2020-10-31,14:30:00,128,83,81,536,1,dilution_3.txt,45,0
2020-10-31,14:30:00,125,85,80,537,1,dilution_3.txt,46,0
2020-10-31,14:30:00,124,85,83,536,1,dilution_3.txt,47,0
2020-10-31,14:30:00,122,84,81,536,1,dilution_3.txt,48,0
2020-10-31,14:30:00,120,84,79,536,1,dilution_3.txt,49,0
2020-10-31,14:30:00,122,86,76,536,1,dilution_3.txt,50,0
2020-10-31,14:30:00,125,83,81,536,1,dilution_3.txt,51,0
2020-10-31,14:30:00,124,88,79,536,1,dilution_3.txt,52,0
2020-10-31,14:30:00,123,83,80,536,1,dilution_3.txt,53,0
2020-10-31,14:30:00,123,85,78,536,1,dilution_3.txt,54,0
2020-10-31,14:30:00,126,84,80,536,1,dilution_3.txt,55,0
2020-10-31,14:30:00,123,86,83,536,1,dilution_3.txt,56,0
2020-10-31,14:30:00,121,77,80,539,1,dilution_3.txt,57,0
2020-10-31,14:30:00,121,81,81,538,1,dilution_3.txt,58,0
2020-10-31,14:30:00,125,82,82,538,1,dilution_3.txt,59,0
2020-10-31,14:30:00,126,86,81,538,2,dilution_3.txt,61,0
2020-10-31,14:30:00,126,86,81,538,2,dilution_3.txt,62,0
2020-10-31,14:30:00,128,86,84,538,2,dilution_3.txt,63,0
2020-10-31,14:30:00,125,84,80,538,2,dilution_3.txt,64,0
2020-10-31,14:30:00,124,82,80,537,2,dilution_3.txt,65,0
2020-10-31,14:30:00,123,87,79,537,2,dilution_3.txt,66,0
2020-10-31,14:30:00,118,84,80,537,2,dilution_3.txt,67,0
2020-10-31,14:30:00,124,81,78,537,2,dilution_3.txt,68,0
2020-10-31,14:30:00,121,83,76,537,2,dilution_3.txt,69,0
2020-10-31,14:30:00,125,85,81,537,2,dilution_3.txt,70,0
2020-10-31,14:30:00,123,85,80,537,2,dilution_3.txt,71,0
2020-10-31,14:30:00,124,87,82,537,2,dilution_3.txt,72,0
2020-10-31,14:30:00,126,89,81,537,2,dilution_3.txt,73,0
2020-10-31,14:30:00,123,86,76,537,2,dilution_3.txt,74,0
2020-10-31,14:30:00,123,82,83,537,2,dilution_3.txt,75,0
2020-10-31,14:30:00,129,88,80,537,2,dilution_3.txt,76,0
2020-10-31,14:30:00,125,85,81,537,2,dilution_3.txt,77,0
2020-10-31,14:30:00,129,88,81,537,2,dilution_3.txt,78,0
2020-10-31,14:30:00,127,88,75,537,2,dilution_3.txt,79,0
2020-10-31,14:30:00,126,88,80,537,2,dilution_3.txt,80,0
2020-10-31,14:30:00,128,92,77,537,2,dilution_3.txt,81,0
2020-10-31,14:30:00,123,90,78,537,2,dilution_3.txt,82,0
2020-10-31,14:30:00,126,84,86,537,2,dilution_3.txt,83,0
2020-10-31,14:30:00,128,86,86,537,2,dilution_3.txt,84,0
2020-10-31,14:30:00,124,85,80,536,2,dilution_3.txt,85,0
2020-10-31,14:30:00,121,85,84,537,2,dilution_3.txt,86,0
2020-10-31,14:30:00,125,81,79,536,2,dilution_3.txt,87,0
2020-10-31,14:30:00,125,86,78,536,2,dilution_3.txt,88,0
2020-10-31,14:30:00,125,82,82,536,2,dilution_3.txt,89,0
2020-10-31,14:30:00,127,87,79,536,2,dilution_3.txt,90,0
2020-10-31,14:30:00,123,91,81,536,2,dilution_3.txt,91,0
2020-10-31,14:30:00,122,84,78,536,2,dilution_3.txt,92,0
2020-10-31,14:30:00,123,91,79,536,2,dilution_3.txt,93,0
2020-10-31,14:30:00,122,87,79,536,2,dilution_3.txt,94,0
2020-10-31,14:30:00,124,87,81,536,2,dilution_3.txt,95,0
2020-10-31,14:30:00,118,77,76,538,2,dilution_3.txt,96,0
2020-10-31,14:30:00,119,79,80,538,2,dilution_3.txt,97,0
2020-10-31,14:30:00,123,78,81,538,2,dilution_3.txt,98,0
2020-10-31,14:30:00,120,78,77,538,2,dilution_3.txt,99,0
2020-10-31,14:30:00,123,78,79,537,2,dilution_3.txt,100,0
2020-10-31,14:30:00,125,77,83,538,2,dilution_3.txt,101,0
2020-10-31,14:30:00,126,81,76,537,2,dilution_3.txt,102,0
2020-10-31,14:30:00,123,84,80,537,2,dilution_3.txt,103,0
2020-10-31,14:30:00,127,84,78,537,2,dilution_3.txt,104,0
2020-10-31,14:30:00,122,85,81,537,2,dilution_3.txt,105,0
2020-10-31,14:30:00,122,83,79,537,2,dilution_3.txt,106,0
2020-10-31,14:30:00,122,86,77,537,2,dilution_3.txt,107,0
2020-10-31,14:30:00,125,88,77,537,2,dilution_3.txt,108,0
2020-10-31,14:30:00,124,87,82,537,2,dilution_3.txt,109,0
2020-10-31,14:30:00,126,84,83,537,2,dilution_3.txt,110,0
2020-10-31,14:30:00,124,82,79,537,2,dilution_3.txt,111,0
2020-10-31,14:30:00,126,86,79,537,2,dilution_3.txt,112,0
2020-10-31,14:30:00,120,83,78,537,2,dilution_3.txt,113,0
2020-10-31,14:30:00,120,85,82,537,2,dilution_3.txt,114,0
2020-10-31,14:30:00,124,88,80,537,2,dilution_3.txt,115,0
2020-10-31,14:30:00,126,85,79,537,2,dilution_3.txt,116,0
2020-10-31,14:30:00,126,87,83,537,2,dilution_3.txt,117,0
2020-10-31,14:30:00,122,88,78,537,2,dilution_3.txt,118,0
2020-10-31,14:30:00,126,85,78,536,2,dilution_3.txt,119,0
2020-10-31,14:30:00,123,83,79,537,3,dilution_3.txt,121,0
2020-10-31,14:30:00,120,80,79,537,3,dilution_3.txt,122,0
2020-10-31,14:30:00,125,85,78,537,3,dilution_3.txt,123,0
2020-10-31,14:30:00,127,81,80,537,3,dilution_3.txt,124,0
2020-10-31,14:30:00,124,84,81,536,3,dilution_3.txt,125,0
2020-10-31,14:30:00,124,79,78,536,3,dilution_3.txt,126,0
2020-10-31,14:30:00,125,85,79,536,3,dilution_3.txt,127,0
2020-10-31,14:30:00,122,83,82,536,3,dilution_3.txt,128,0
2020-10-31,14:30:00,123,80,81,536,3,dilution_3.txt,129,0
2020-10-31,14:30:00,123,82,78,536,3,dilution_3.txt,130,0
2020-10-31,14:30:00,123,82,80,536,3,dilution_3.txt,131,0
2020-10-31,14:30:00,126,80,81,536,3,dilution_3.txt,132,0
2020-10-31,14:30:00,120,81,79,536,3,dilution_3.txt,133,0
2020-10-31,14:30:00,123,80,80,536,3,dilution_3.txt,134,0
2020-10-31,14:30:00,122,78,83,536,3,dilution_3.txt,135,0
2020-10-31,14:30:00,123,79,82,536,3,dilution_3.txt,136,0
2020-10-31,14:30:00,123,77,80,536,3,dilution_3.txt,137,0
2020-10-31,14:30:00,120,83,78,536,3,dilution_3.txt,138,0
2020-10-31,14:30:00,124,82,76,536,3,dilution_3.txt,139,0
2020-10-31,14:30:00,120,81,81,536,3,dilution_3.txt,140,0
2020-10-31,14:30:00,120,78,81,536,3,dilution_3.txt,141,0
2020-10-31,14:30:00,121,79,78,536,3,dilution_3.txt,142,0
2020-10-31,14:30:00,120,79,80,536,3,dilution_3.txt,143,0
2020-10-31,14:30:00,117,74,83,536,3,dilution_3.txt,144,0
2020-10-31,14:30:00,121,79,78,536,3,dilution_3.txt,145,0
2020-10-31,14:30:00,120,80,78,536,3,dilution_3.txt,146,0
2020-10-31,14:30:00,122,80,76,536,3,dilution_3.txt,147,0
2020-10-31,14:30:00,124,81,78,536,3,dilution_3.txt,148,0
2020-10-31,14:30:00,121,77,80,536,3,dilution_3.txt,149,0
2020-10-31,14:30:00,125,82,82,536,3,dilution_3.txt,150,0
2020-10-31,14:30:00,125,80,80,536,3,dilution_3.txt,151,0
2020-10-31,14:30:00,124,84,77,536,3,dilution_3.txt,152,0
2020-10-31,14:30:00,126,82,79,536,3,dilution_3.txt,153,0
2020-10-31,14:30:00,127,84,78,536,3,dilution_3.txt,154,0
2020-10-31,14:30:00,128,83,77,536,3,dilution_3.txt,155,0
2020-10-31,14:30:00,128,83,76,536,3,dilution_3.txt,156,0
2020-10-31,14:30:00,130,89,80,535,3,dilution_3.txt,157,0
2020-10-31,14:30:00,124,87,83,536,3,dilution_3.txt,158,0
2020-10-31,14:30:00,130,91,81,536,3,dilution_3.txt,159,0
2020-10-31,14:30:00,124,87,81,536,3,dilution_3.txt,160,0
2020-10-31,14:30:00,126,85,80,535,3,dilution_3.txt,161,0
2020-10-31,14:30:00,122,86,81,535,3,dilution_3.txt,162,0
2020-10-31,14:30:00,121,80,78,535,3,dilution_3.txt,163,0
2020-10-31,14:30:00,125,81,83,535,3,dilution_3.txt,164,0
2020-10-31,14:30:00,121,82,80,535,3,dilution_3.txt,165,0
2020-10-31,14:30:00,121,83,78,535,3,dilution_3.txt,166,0
2020-10-31,14:30:00,123,84,78,535,3,dilution_3.txt,167,0
2020-10-31,14:30:00,124,86,77,535,3,dilution_3.txt,168,0
2020-10-31,14:30:00,126,85,78,535,3,dilution_3.txt,169,0
2020-10-31,14:30:00,123,83,78,535,3,dilution_3.txt,170,0
2020-10-31,14:30:00,125,89,77,536,3,dilution_3.txt,171,0
2020-10-31,14:30:00,122,85,79,535,3,dilution_3.txt,172,0
2020-10-31,14:30:00,122,89,78,535,3,dilution_3.txt,173,0
2020-10-31,14:30:00,95,74,73,539,1,dilution_4.txt,1,0
2020-10-31,14:30:00,91,70,74,539,1,dilution_4.txt,2,0
2020-10-31,14:30:00,92,70,73,538,1,dilution_4.txt,3,0
2020-10-31,14:30:00,95,72,74,538,1,dilution_4.txt,4,0
2020-10-31,14:30:00,95,71,70,538,1,dilution_4.txt,5,0
2020-10-31,14:30:00,95,74,75,538,1,dilution_4.txt,6,0
2020-10-31,14:30:00,92,72,74,538,1,dilution_4.txt,7,0
2020-10-31,14:30:00,95,73,72,538,1,dilution_4.txt,8,0
2020-10-31,14:30:00,98,74,70,538,1,dilution_4.txt,9,0
2020-10-31,14:30:00,94,72,73,538,1,dilution_4.txt,10,0
2020-10-31,14:30:00,94,72,74,538,1,dilution_4.txt,11,0
2020-10-31,14:30:00,98,76,69,537,1,dilution_4.txt,12,0
2020-10-31,14:30:00,94,75,68,537,1,dilution_4.txt,13,0
2020-10-31,14:30:00,99,71,74,537,1,dilution_4.txt,14,0
2020-10-31,14:30:00,93,72,69,537,1,dilution_4.txt,15,0
2020-10-31,14:30:00,93,71,73,537,1,dilution_4.txt,16,0
2020-10-31,14:30:00,93,74,75,537,1,dilution_4.txt,17,0
2020-10-31,14:30:00,98,76,74,537,1,dilution_4.txt,18,0
2020-10-31,14:30:00,96,73,71,537,1,dilution_4.txt,19,0
2020-10-31,14:30:00,95,70,70,537,1,dilution_4.txt,20,0
2020-10-31,14:30:00,94,74,76,537,1,dilution_4.txt,21,0
2020-10-31,14:30:00,98,71,74,537,1,dilution_4.txt,22,0
2020-10-31,14:30:00,94,70,72,537,1,dilution_4.txt,23,0
2020-10-31,14:30:00,93,71,72,537,1,dilution_4.txt,24,0
2020-10-31,14:30:00,95,71,72,537,1,dilution_4.txt,25,0
2020-10-31,14:30:00,93,71,72,537,1,dilution_4.txt,26,0
2020-10-31,14:30:00,94,71,72,537,1,dilution_4.txt,27,0
2020-10-31,14:30:00,92,71,72,537,1,dilution_4.txt,28,0
2020-10-31,14:30:00,95,75,70,537,1,dilution_4.txt,29,0
2020-10-31,14:30:00,94,69,72,537,1,dilution_4.txt,30,0
2020-10-31,14:30:00,97,72,73,537,1,dilution_4.txt,31,0
2020-10-31,14:30:00,97,72,72,537,1,dilution_4.txt,32,0
2020-10-31,14:30:00,92,74,73,537,1,dilution_4.txt,33,0
2020-10-31,14:30:00,93,72,72,537,1,dilution_4.txt,34,0
2020-10-31,14:30:00,96,73,72,537,1,dilution_4.txt,35,0
2020-10-31,14:30:00,97,71,71,537,1,dilution_4.txt,36,0
2020-10-31,14:30:00,96,70,71,537,1,dilution_4.txt,37,0
2020-10-31,14:30:00,95,74,73,537,1,dilution_4.txt,38,0
2020-10-31,14:30:00,97,72,73,537,1,dilution_4.txt,39,0
2020-10-31,14:30:00,93,69,69,537,1,dilution_4.txt,40,0
2020-10-31,14:30:00,93,71,72,536,1,dilution_4.txt,41,0
2020-10-31,14:30:00,97,73,71,536,1,dilution_4.txt,42,0
2020-10-31,14:30:00,94,72,70,536,1,dilution_4.txt,43,0
2020-10-31,14:30:00,96,76,70,536,1,dilution_4.txt,44,0
2020-10-31,14:30:00,97,72,71,536,1,dilution_4.txt,45,0
2020-10-31,14:30:00,93,69,69,536,1,dilution_4.txt,46,0
2020-10-31,14:30:00,96,69,72,536,1,dilution_4.txt,47,0
2020-10-31,14:30:00,94,71,71,536,1,dilution_4.txt,48,0
2020-10-31,14:30:00,94,72,71,536,1,dilution_4.txt,49,0
2020-10-31,14:30:00,95,67,69,536,1,dilution_4.txt,50,0
2020-10-31,14:30:00,96,73,71,536,1,dilution_4.txt,51,0
2020-10-31,14:30:00,95,71,73,536,1,dilution_4.txt,52,0
2020-10-31,14:30:00,98,73,76,536,1,dilution_4.txt,53,0
2020-10-31,14:30:00,96,74,71,536,1,dilution_4.txt,54,0
2020-10-31,14:30:00,97,73,74,536,1,dilution_4.txt,55,0
2020-10-31,14:30:00,93,74,73,536,1,dilution_4.txt,56,0
2020-10-31,14:30:00,97,72,72,536,1,dilution_4.txt,57,0
2020-10-31,14:30:00,95,72,71,536,1,dilution_4.txt,58,0
2020-10-31,14:30:00,90,73,72,536,1,dilution_4.txt,59,0
2020-10-31,14:30:00,95,76,70,536,2,dilution_4.txt,61,0
2020-10-31,14:30:00,95,71,76,536,2,dilution_4.txt,62,0
2020-10-31,14:30:00,99,74,69,536,2,dilution_4.txt,63,0
2020-10-31,14:30:00,93,72,72,536,2,dilution_4.txt,64,0
2020-10-31,14:30:00,95,76,69,536,2,dilution_4.txt,65,0
2020-10-31,14:30:00,92,73,69,536,2,dilution_4.txt,66,0
2020-10-31,14:30:00,93,76,71,536,2,dilution_4.txt,67,0
2020-10-31,14:30:00,93,72,69,536,2,dilution_4.txt,68,0
2020-10-31,14:30:00,94,76,72,536,2,dilution_4.txt,69,0
2020-10-31,14:30:00,95,72,70,536,2,dilution_4.txt,70,0
2020-10-31,14:30:00,93,72,72,536,2,dilution_4.txt,71,0
2020-10-31,14:30:00,99,76,69,536,2,dilution_4.txt,72,0
2020-10-31,14:30:00,94,74,72,536,2,dilution_4.txt,73,0
2020-10-31,14:30:00,95,69,71,536,2,dilution_4.txt,74,0
2020-10-31,14:30:00,96,73,75,535,2,dilution_4.txt,75,0
2020-10-31,14:30:00,93,70,71,536,2,dilution_4.txt,76,0
2020-10-31,14:30:00,90,70,73,536,2,dilution_4.txt,77,0
2020-10-31,14:30:00,93,69,72,536,2,dilution_4.txt,78,0
2020-10-31,14:30:00,98,75,72,536,2,dilution_4.txt,79,0
2020-10-31,14:30:00,93,73,73,536,2,dilution_4.txt,80,0
2020-10-31,14:30:00,94,69,72,536,2,dilution_4.txt,81,0
2020-10-31,14:30:00,94,73,69,535,2,dilution_4.txt,82,0
2020-10-31,14:30:00,89,71,69,757,2,dilution_4.txt,83,0
2020-10-31,14:30:00,93,71,71,538,2,dilution_4.txt,84,0
2020-10-31,14:30:00,92,76,69,538,2,dilution_4.txt,85,0
2020-10-31,14:30:00,92,72,75,538,2,dilution_4.txt,86,0
2020-10-31,14:30:00,95,76,73,538,2,dilution_4.txt,87,0
2020-10-31,14:30:00,93,72,68,537,2,dilution_4.txt,88,0
2020-10-31,14:30:00,94,72,68,537,2,dilution_4.txt,89,0
2020-10-31,14:30:00,99,72,71,537,2,dilution_4.txt,90,0
2020-10-31,14:30:00,94,70,70,537,2,dilution_4.txt,91,0
2020-10-31,14:30:00,95,72,72,537,2,dilution_4.txt,92,0
2020-10-31,14:30:00,97,73,71,537,2,dilution_4.txt,93,0
2020-10-31,14:30:00,92,75,70,537,2,dilution_4.txt,94,0
2020-10-31,14:30:00,93,71,72,537,2,dilution_4.txt,95,0
2020-10-31,14:30:00,91,71,68,537,2,dilution_4.txt,96,0
2020-10-31,14:30:00,94,73,73,537,2,dilution_4.txt,97,0
2020-10-31,14:30:00,95,75,71,536,2,dilution_4.txt,98,0
2020-10-31,14:30:00,93,73,71,536,2,dilution_4.txt,99,0
2020-10-31,14:30:00,94,72,69,536,2,dilution_4.txt,100,0
2020-10-31,14:30:00,97,71,68,536,2,dilution_4.txt,101,0
2020-10-31,14:30:00,94,72,71,536,2,dilution_4.txt,102,0
2020-10-31,14:30:00,92,73,68,536,2,dilution_4.txt,103,0
2020-10-31,14:30:00,95,72,73,536,2,dilution_4.txt,104,0
2020-10-31,14:30:00,96,71,69,536,2,dilution_4.txt,105,0
2020-10-31,14:30:00,95,71,74,536,2,dilution_4.txt,106,0
2020-10-31,14:30:00,94,72,72,536,2,dilution_4.txt,107,0
2020-10-31,14:30:00,96,71,71,536,2,dilution_4.txt,108,0
2020-10-31,14:30:00,97,73,74,536,2,dilution_4.txt,109,0
2020-10-31,14:30:00,98,69,70,536,2,dilution_4.txt,110,0
2020-10-31,14:30:00,97,71,71,536,2,dilution_4.txt,111,0
2020-10-31,14:30:00,98,76,71,536,2,dilution_4.txt,112,0
2020-10-31,14:30:00,93,70,69,536,2,dilution_4.txt,113,0
2020-10-31,14:30:00,96,76,73,536,2,dilution_4.txt,114,0
2020-10-31,14:30:00,95,69,73,536,2,dilution_4.txt,115,0
2020-10-31,14:30:00,93,67,69,536,2,dilution_4.txt,116,0
2020-10-31,14:30:00,93,71,74,536,2,dilution_4.txt,117,0
2020-10-31,14:30:00,92,70,71,536,2,dilution_4.txt,118,0
2020-10-31,14:30:00,97,73,68,536,2,dilution_4.txt,119,0
2020-10-31,14:30:00,100,74,73,536,3,dilution_4.txt,121,0
2020-10-31,14:30:00,94,74,69,536,3,dilution_4.txt,122,0
2020-10-31,14:30:00,93,69,70,536,3,dilution_4.txt,123,0
2020-10-31,14:30:00,96,72,70,536,3,dilution_4.txt,124,0
2020-10-31,14:30:00,91,71,72,536,3,dilution_4.txt,125,0
2020-10-31,14:30:00,95,71,71,536,3,dilution_4.txt,126,0
2020-10-31,14:30:00,95,71,71,536,3,dilution_4.txt,127,0
2020-10-31,14:30:00,97,74,69,536,3,dilution_4.txt,128,0
2020-10-31,14:30:00,93,72,70,536,3,dilution_4.txt,129,0
2020-10-31,14:30:00,96,75,72,536,3,dilution_4.txt,130,0
2020-10-31,14:30:00,90,71,71,536,3,dilution_4.txt,131,0
2020-10-31,14:30:00,94,72,72,536,3,dilution_4.txt,132,0
2020-10-31,14:30:00,88,68,69,536,3,dilution_4.txt,133,0
2020-10-31,14:30:00,95,70,70,535,3,dilution_4.txt,134,0
2020-10-31,14:30:00,91,72,71,535,3,dilution_4.txt,135,0
2020-10-31,14:30:00,95,70,72,535,3,dilution_4.txt,136,0
2020-10-31,14:30:00,95,72,69,536,3,dilution_4.txt,137,0
2020-10-31,14:30:00,92,73,72,535,3,dilution_4.txt,138,0
2020-10-31,14:30:00,95,71,66,535,3,dilution_4.txt,139,0
2020-10-31,14:30:00,95,73,72,535,3,dilution_4.txt,140,0
2020-10-31,14:30:00,92,71,72,535,3,dilution_4.txt,141,0
2020-10-31,14:30:00,94,71,72,535,3,dilution_4.txt,142,0
2020-10-31,14:30:00,94,73,71,538,3,dilution_4.txt,143,0
2020-10-31,14:30:00,95,69,71,538,3,dilution_4.txt,144,0
2020-10-31,14:30:00,94,70,70,538,3,dilution_4.txt,145,0
2020-10-31,14:30:00,93,73,71,537,3,dilution_4.txt,146,0
2020-10-31,14:30:00,93,69,72,537,3,dilution_4.txt,147,0
2020-10-31,14:30:00,95,71,68,537,3,dilution_4.txt,148,0
2020-10-31,14:30:00,95,72,69,537,3,dilution_4.txt,149,0
2020-10-31,14:30:00,92,74,70,537,3,dilution_4.txt,150,0
2020-10-31,14:30:00,95,71,66,537,3,dilution_4.txt,151,0
2020-10-31,14:30:00,93,69,74,537,3,dilution_4.txt,152,0
2020-10-31,14:30:00,93,71,70,537,3,dilution_4.txt,153,0
2020-10-31,14:30:00,91,70,69,537,3,dilution_4.txt,154,0
2020-10-31,14:30:00,94,70,71,537,3,dilution_4.txt,155,0
2020-10-31,14:30:00,92,71,71,537,3,dilution_4.txt,156,0
2020-10-31,14:30:00,91,72,74,537,3,dilution_4.txt,157,0
2020-10-31,14:30:00,95,72,74,537,3,dilution_4.txt,158,0
2020-10-31,14:30:00,91,72,72,536,3,dilution_4.txt,159,0
2020-10-31,14:30:00,93,70,71,536,3,dilution_4.txt,160,0
2020-10-31,14:30:00,95,69,67,536,3,dilution_4.txt,161,0
2020-10-31,14:30:00,94,72,69,536,3,dilution_4.txt,162,0
2020-10-31,14:30:00,92,72,74,536,3,dilution_4.txt,163,0
2020-10-31,14:30:00,94,68,72,536,3,dilution_4.txt,164,0
2020-10-31,14:30:00,91,76,71,536,3,dilution_4.txt,165,0
2020-10-31,14:30:00,90,69,72,536,3,dilution_4.txt,166,0
2020-10-31,14:30:00,88,74,69,536,3,dilution_4.txt,167,0
2020-10-31,14:30:00,88,72,71,536,3,dilution_4.txt,168,0
2020-10-31,14:30:00,97,67,70,536,3,dilution_4.txt,169,0
2020-10-31,14:30:00,90,75,69,536,3,dilution_4.txt,170,0
2020-10-31,14:30:00,93,70,72,536,3,dilution_4.txt,171,0
2020-10-31,14:30:00,92,73,72,536,3,dilution_4.txt,172,0
2020-10-31,14:30:00,95,71,70,536,3,dilution_4.txt,173,0
2020-10-31,14:30:00,95,75,70,536,3,dilution_4.txt,174,0
2020-10-31,14:30:00,93,71,70,536,3,dilution_4.txt,175,0
2020-10-31,14:30:00,96,76,69,536,3,dilution_4.txt,176,0
2020-10-31,14:30:00,93,71,70,536,3,dilution_4.txt,177,0
2020-10-31,14:30:00,92,72,75,536,3,dilution_4.txt,178,0
2020-10-31,14:30:00,93,73,71,536,3,dilution_4.txt,179,0
2020-10-31,14:30:00,93,71,73,536,3,dilution_4.txt,180,0
2020-10-31,14:30:00,91,72,70,536,3,dilution_4.txt,181,0
2020-10-31,14:30:00,94,74,72,536,3,dilution_4.txt,182,0
2020-10-31,14:30:00,92,72,69,536,3,dilution_4.txt,183,0
2020-10-31,14:30:00,95,76,72,536,3,dilution_4.txt,184,0
2020-10-31,14:30:00,93,71,72,536,3,dilution_4.txt,185,0
2020-10-31,14:30:00,93,72,70,536,3,dilution_4.txt,186,0
2020-10-31,14:30:00,93,71,73,535,3,dilution_4.txt,187,0
2020-10-31,14:30:00,96,69,72,535,3,dilution_4.txt,188,0
2020-10-31,14:30:00,91,67,69,535,3,dilution_4.txt,189,0
2020-10-31,14:30:00,95,69,72,536,3,dilution_4.txt,190,0
2020-10-31,14:30:00,92,73,73,536,3,dilution_4.txt,191,0
2020-10-31,14:30:00,88,70,71,536,3,dilution_4.txt,192,0
2020-10-31,14:30:00,91,69,67,536,3,dilution_4.txt,193,0
2020-10-31,14:30:00,94,72,73,535,3,dilution_4.txt,194,0
2020-10-31,14:30:00,92,71,72,535,3,dilution_4.txt,195,0
2020-10-31,14:30:00,95,70,70,536,3,dilution_4.txt,196,0
2020-10-31,14:30:00,95,75,70,535,3,dilution_4.txt,197,0
2020-10-31,14:30:00,104,71,75,539,1,dilution_5.txt,1,0
2020-10-31,14:30:00,108,70,76,538,1,dilution_5.txt,2,0
2020-10-31,14:30:00,107,68,73,538,1,dilution_5.txt,3,0
2020-10-31,14:30:00,108,68,77,538,1,dilution_5.txt,4,0
2020-10-31,14:30:00,109,70,77,538,1,dilution_5.txt,5,0
2020-10-31,14:30:00,109,75,70,537,1,dilution_5.txt,6,0
2020-10-31,14:30:00,106,71,73,537,1,dilution_5.txt,7,0
2020-10-31,14:30:00,106,71,73,537,1,dilution_5.txt,8,0
2020-10-31,14:30:00,108,68,74,537,1,dilution_5.txt,9,0
2020-10-31,14:30:00,108,71,74,537,1,dilution_5.txt,10,0
2020-10-31,14:30:00,106,69,76,537,1,dilution_5.txt,11,0
2020-10-31,14:30:00,108,70,73,537,1,dilution_5.txt,12,0
2020-10-31,14:30:00,105,66,74,537,1,dilution_5.txt,13,0
2020-10-31,14:30:00,110,69,72,537,1,dilution_5.txt,14,0
2020-10-31,14:30:00,108,72,74,537,1,dilution_5.txt,15,0
2020-10-31,14:30:00,103,70,74,537,1,dilution_5.txt,16,0
2020-10-31,14:30:00,108,73,73,537,1,dilution_5.txt,17,0
2020-10-31,14:30:00,107,69,74,537,1,dilution_5.txt,18,0
2020-10-31,14:30:00,106,71,69,537,1,dilution_5.txt,19,0
2020-10-31,14:30:00,108,71,72,537,1,dilution_5.txt,20,0
2020-10-31,14:30:00,107,69,72,537,1,dilution_5.txt,21,0
2020-10-31,14:30:00,106,70,75,537,1,dilution_5.txt,22,0
2020-10-31,14:30:00,109,69,74,537,1,dilution_5.txt,23,0
2020-10-31,14:30:00,104,70,74,537,1,dilution_5.txt,24,0
2020-10-31,14:30:00,111,71,75,537,1,dilution_5.txt,25,0
2020-10-31,14:30:00,103,70,71,537,1,dilution_5.txt,26,0
2020-10-31,14:30:00,109,69,70,536,1,dilution_5.txt,27,0
2020-10-31,14:30:00,107,70,69,536,1,dilution_5.txt,28,0
2020-10-31,14:30:00,104,70,75,536,1,dilution_5.txt,29,0
2020-10-31,14:30:00,107,68,72,537,1,dilution_5.txt,30,0
2020-10-31,14:30:00,105,71,73,536,1,dilution_5.txt,31,0
2020-10-31,14:30:00,109,72,72,536,1,dilution_5.txt,32,0
2020-10-31,14:30:00,108,71,71,536,1,dilution_5.txt,33,0
2020-10-31,14:30:00,106,69,69,536,1,dilution_5.txt,34,0
2020-10-31,14:30:00,108,71,73,536,1,dilution_5.txt,35,0
2020-10-31,14:30:00,111,72,75,536,1,dilution_5.txt,36,0
2020-10-31,14:30:00,108,71,72,536,1,dilution_5.txt,37,0
2020-10-31,14:30:00,109,71,72,536,1,dilution_5.txt,38,0
2020-10-31,14:30:00,107,72,73,536,1,dilution_5.txt,39,0
2020-10-31,14:30:00,108,71,72,536,1,dilution_5.txt,40,0
2020-10-31,14:30:00,108,70,75,536,1,dilution_5.txt,41,0
2020-10-31,14:30:00,107,74,72,536,1,dilution_5.txt,42,0
2020-10-31,14:30:00,110,71,70,536,1,dilution_5.txt,43,0
2020-10-31,14:30:00,108,72,76,536,1,dilution_5.txt,44,0
2020-10-31,14:30:00,105,69,74,536,1,dilution_5.txt,45,0
2020-10-31,14:30:00,106,72,74,536,1,dilution_5.txt,46,0
2020-10-31,14:30:00,108,69,80,536,1,dilution_5.txt,47,0
2020-10-31,14:30:00,108,70,73,536,1,dilution_5.txt,48,0
2020-10-31,14:30:00,106,70,71,536,1,dilution_5.txt,49,0
2020-10-31,14:30:00,111,72,74,536,1,dilution_5.txt,50,0
2020-10-31,14:30:00,108,71,75,536,1,dilution_5.txt,51,0
2020-10-31,14:30:00,108,69,73,536,1,dilution_5.txt,52,0
2020-10-31,14:30:00,104,72,74,536,1,dilution_5.txt,53,0
2020-10-31,14:30:00,108,69,71,536,1,dilution_5.txt,54,0
2020-10-31,14:30:00,106,68,73,536,1,dilution_5.txt,55,0
2020-10-31,14:30:00,109,70,74,536,1,dilution_5.txt,56,0
2020-10-31,14:30:00,106,72,73,566,1,dilution_5.txt,57,0
2020-10-31,14:30:00,106,73,73,538,1,dilution_5.txt,58,0
2020-10-31,14:30:00,108,70,73,538,1,dilution_5.txt,59,0
2020-10-31,14:30:00,107,73,71,537,2,dilution_5.txt,61,0
2020-10-31,14:30:00,104,70,75,537,2,dilution_5.txt,62,0
2020-10-31,14:30:00,106,66,75,537,2,dilution_5.txt,63,0
2020-10-31,14:30:00,107,69,72,537,2,dilution_5.txt,64,0
2020-10-31,14:30:00,108,70,74,537,2,dilution_5.txt,65,0
2020-10-31,14:30:00,106,71,74,537,2,dilution_5.txt,66,0
2020-10-31,14:30:00,106,69,71,537,2,dilution_5.txt,67,0
2020-10-31,14:30:00,107,71,74,537,2,dilution_5.txt,68,0
2020-10-31,14:30:00,110,72,74,537,2,dilution_5.txt,69,0
2020-10-31,14:30:00,104,72,75,537,2,dilution_5.txt,70,0
2020-10-31,14:30:00,108,72,75,537,2,dilution_5.txt,71,0
2020-10-31,14:30:00,107,71,73,536,2,dilution_5.txt,72,0
2020-10-31,14:30:00,105,72,74,536,2,dilution_5.txt,73,0
2020-10-31,14:30:00,112,74,74,536,2,dilution_5.txt,74,0
2020-10-31,14:30:00,104,70,73,536,2,dilution_5.txt,75,0
2020-10-31,14:30:00,106,72,74,536,2,dilution_5.txt,76,0
2020-10-31,14:30:00,106,70,72,536,2,dilution_5.txt,77,0
2020-10-31,14:30:00,107,71,74,536,2,dilution_5.txt,78,0
2020-10-31,14:30:00,106,71,71,536,2,dilution_5.txt,79,0
2020-10-31,14:30:00,107,70,71,536,2,dilution_5.txt,80,0
2020-10-31,14:30:00,109,67,72,536,2,dilution_5.txt,81,0
2020-10-31,14:30:00,108,73,67,536,2,dilution_5.txt,82,0
2020-10-31,14:30:00,111,72,73,536,2,dilution_5.txt,83,0
2020-10-31,14:30:00,104,69,75,536,2,dilution_5.txt,84,0
2020-10-31,14:30:00,109,71,74,536,2,dilution_5.txt,85,0
2020-10-31,14:30:00,107,69,72,536,2,dilution_5.txt,86,0
2020-10-31,14:30:00,106,69,74,536,2,dilution_5.txt,87,0
2020-10-31,14:30:00,106,70,70,536,2,dilution_5.txt,88,0
2020-10-31,14:30:00,104,70,72,536,2,dilution_5.txt,89,0
2020-10-31,14:30:00,109,69,76,536,2,dilution_5.txt,90,0
2020-10-31,14:30:00,107,67,75,536,2,dilution_5.txt,91,0
2020-10-31,14:30:00,106,71,73,536,2,dilution_5.txt,92,0
2020-10-31,14:30:00,107,68,71,536,2,dilution_5.txt,93,0
2020-10-31,14:30:00,106,69,74,536,2,dilution_5.txt,94,0
2020-10-31,14:30:00,105,70,76,536,2,dilution_5.txt,95,0
2020-10-31,14:30:00,109,72,72,536,2,dilution_5.txt,96,0
2020-10-31,14:30:00,107,73,71,536,2,dilution_5.txt,97,0
2020-10-31,14:30:00,106,71,75,536,2,dilution_5.txt,98,0
2020-10-31,14:30:00,106,71,76,536,2,dilution_5.txt,99,0
2020-10-31,14:30:00,108,69,77,536,2,dilution_5.txt,100,0
2020-10-31,14:30:00,106,73,73,536,2,dilution_5.txt,101,0
2020-10-31,14:30:00,107,74,69,536,2,dilution_5.txt,102,0
2020-10-31,14:30:00,106,72,74,536,2,dilution_5.txt,103,0
2020-10-31,14:30:00,109,72,74,536,2,dilution_5.txt,104,0
2020-10-31,14:30:00,108,68,74,536,2,dilution_5.txt,105,0
2020-10-31,14:30:00,105,69,74,536,2,dilution_5.txt,106,0
2020-10-31,14:30:00,104,71,77,535,2,dilution_5.txt,107,0
2020-10-31,14:30:00,107,71,73,536,2,dilution_5.txt,108,0
2020-10-31,14:30:00,107,72,76,535,2,dilution_5.txt,109,0
2020-10-31,14:30:00,110,68,70,535,2,dilution_5.txt,110,0
2020-10-31,14:30:00,109,72,78,535,2,dilution_5.txt,111,0
2020-10-31,14:30:00,108,69,75,535,2,dilution_5.txt,112,0
2020-10-31,14:30:00,109,71,73,535,2,dilution_5.txt,113,0
2020-10-31,14:30:00,108,72,72,538,2,dilution_5.txt,114,0
2020-10-31,14:30:00,108,70,72,538,2,dilution_5.txt,115,0
2020-10-31,14:30:00,107,69,73,538,2,dilution_5.txt,116,0
2020-10-31,14:30:00,105,72,71,538,2,dilution_5.txt,117,0
2020-10-31,14:30:00,106,70,69,537,2,dilution_5.txt,118,0
2020-10-31,14:30:00,110,70,74,537,2,dilution_5.txt,119,0
2020-10-31,14:30:00,105,71,72,537,3,dilution_5.txt,121,0
2020-10-31,14:30:00,105,71,71,537,3,dilution_5.txt,122,0
2020-10-31,14:30:00,110,71,76,537,3,dilution_5.txt,123,0
2020-10-31,14:30:00,109,69,71,537,3,dilution_5.txt,124,0
2020-10-31,14:30:00,106,72,74,536,3,dilution_5.txt,125,0
2020-10-31,14:30:00,105,70,72,537,3,dilution_5.txt,126,0
2020-10-31,14:30:00,104,69,75,536,3,dilution_5.txt,127,0
2020-10-31,14:30:00,105,70,71,537,3,dilution_5.txt,128,0
2020-10-31,14:30:00,106,72,73,536,3,dilution_5.txt,129,0
2020-10-31,14:30:00,108,70,73,536,3,dilution_5.txt,130,0
2020-10-31,14:30:00,108,72,72,536,3,dilution_5.txt,131,0
2020-10-31,14:30:00,107,69,76,536,3,dilution_5.txt,132,0
2020-10-31,14:30:00,106,73,72,536,3,dilution_5.txt,133,0
2020-10-31,14:30:00,110,73,75,536,3,dilution_5.txt,134,0
2020-10-31,14:30:00,109,73,76,536,3,dilution_5.txt,135,0
2020-10-31,14:30:00,107,70,75,536,3,dilution_5.txt,136,0
2020-10-31,14:30:00,106,73,71,536,3,dilution_5.txt,137,0
2020-10-31,14:30:00,102,70,75,536,3,dilution_5.txt,138,0
2020-10-31,14:30:00,107,72,69,536,3,dilution_5.txt,139,0
2020-10-31,14:30:00,110,73,71,536,3,dilution_5.txt,140,0
2020-10-31,14:30:00,109,70,71,536,3,dilution_5.txt,141,0
2020-10-31,14:30:00,105,72,73,536,3,dilution_5.txt,142,0
2020-10-31,14:30:00,106,67,75,536,3,dilution_5.txt,143,0
2020-10-31,14:30:00,107,69,73,536,3,dilution_5.txt,144,0
2020-10-31,14:30:00,105,69,73,536,3,dilution_5.txt,145,0
2020-10-31,14:30:00,105,68,72,536,3,dilution_5.txt,146,0
2020-10-31,14:30:00,108,73,75,536,3,dilution_5.txt,147,0
2020-10-31,14:30:00,106,71,70,536,3,dilution_5.txt,148,0
2020-10-31,14:30:00,107,68,71,536,3,dilution_5.txt,149,0
2020-10-31,14:30:00,106,69,72,536,3,dilution_5.txt,150,0
2020-10-31,14:30:00,108,72,72,536,3,dilution_5.txt,151,0
2020-10-31,14:30:00,105,69,73,536,3,dilution_5.txt,152,0
2020-10-31,14:30:00,109,72,75,536,3,dilution_5.txt,153,0
2020-10-31,14:30:00,107,72,72,536,3,dilution_5.txt,154,0
2020-10-31,14:30:00,105,69,70,535,3,dilution_5.txt,155,0
2020-10-31,14:30:00,107,67,75,536,3,dilution_5.txt,156,0
2020-10-31,14:30:00,109,69,76,536,3,dilution_5.txt,157,0
2020-10-31,14:30:00,105,69,73,535,3,dilution_5.txt,158,0
2020-10-31,14:30:00,105,76,71,536,3,dilution_5.txt,159,0
2020-10-31,14:30:00,105,70,74,535,3,dilution_5.txt,160,0
2020-10-31,14:30:00,107,70,74,535,3,dilution_5.txt,161,0
2020-10-31,14:30:00,109,67,72,536,3,dilution_5.txt,162,0
2020-10-31,14:30:00,107,69,74,535,3,dilution_5.txt,163,0
2020-10-31,14:30:00,105,71,76,535,3,dilution_5.txt,164,0
2020-10-31,14:30:00,104,72,70,535,3,dilution_5.txt,165,0
2020-10-31,14:30:00,103,67,73,535,3,dilution_5.txt,166,0
2020-10-31,14:30:00,107,70,72,535,3,dilution_5.txt,167,0
2020-10-31,14:30:00,108,70,71,535,3,dilution_5.txt,168,0
2020-10-31,14:30:00,108,72,75,535,3,dilution_5.txt,169,0
2020-10-31,14:30:00,106,72,73,535,3,dilution_5.txt,170,0
2020-10-31,14:30:00,105,69,73,535,3,dilution_5.txt,171,0
2020-10-31,14:30:00,104,70,73,535,3,dilution_5.txt,172,0
2020-10-31,14:30:00,105,67,73,535,3,dilution_5.txt,173,0
2020-10-31,14:30:00,106,72,72,535,3,dilution_5.txt,174,0
2020-10-31,14:30:00,111,71,75,535,3,dilution_5.txt,175,0
2020-10-31,14:30:00,105,71,74,535,3,dilution_5.txt,176,0
2020-10-31,14:30:00,105,70,71,535,3,dilution_5.txt,177,0
2020-10-31,14:30:00,108,72,72,535,3,dilution_5.txt,178,0
2020-10-31,14:30:00,107,73,75,535,3,dilution_5.txt,179,0
2020-10-31,14:30:00,111,73,74,535,3,dilution_5.txt,180,0
2020-10-31,14:30:00,109,71,73,535,3,dilution_5.txt,181,0
2020-10-31,14:30:00,106,73,70,535,3,dilution_5.txt,182,0
2020-10-31,14:30:00,104,68,74,535,3,dilution_5.txt,183,0
2020-10-31,14:30:00,104,70,70,535,3,dilution_5.txt,184,0
2020-10-31,14:30:00,106,69,70,535,3,dilution_5.txt,185,0
2020-10-31,14:30:00,108,69,74,535,3,dilution_5.txt,186,0
2020-10-31,14:30:00,110,71,71,535,3,dilution_5.txt,187,0
2020-10-31,14:30:00,104,73,71,535,3,dilution_5.txt,188,0
2020-10-31,14:30:00,110,73,78,535,3,dilution_5.txt,189,0
